klascode,vak,categorie,type,subvak,optie,uren
5APDA,Godsdienst / Zedenleer,basisvorming,vak,ONWAAR,ONWAAR,2
5APDA,Aardrijkskunde,basisvorming,vak,ONWAAR,ONWAAR,1
5APDA,Natuurwetenschappen,basisvorming,vak,ONWAAR,ONWAAR,1
5APDA,Engels,basisvorming,vak,ONWAAR,ONWAAR,2
5APDA,Frans,basisvorming,vak,ONWAAR,ONWAAR,2
5APDA,Geschiedenis,basisvorming,vak,ONWAAR,ONWAAR,1
5APDA,Lichamelijke opvoeding,basisvorming,vak,ONWAAR,ONWAAR,2
5APDA,Nederlands,basisvorming,vak,ONWAAR,ONWAAR,3
5APDA,Wiskunde,basisvorming,vak,ONWAAR,ONWAAR,3
5APDA,Burgerschap,basisvorming,vak,ONWAAR,ONWAAR,-
5APDA,Artistieke expressie,basisvorming,vak,ONWAAR,ONWAAR,-
5APDA,Economie,basisvorming,vak,ONWAAR,ONWAAR,1
5APDA,Wiskunde,specifiek gedeelte,vak,ONWAAR,ONWAAR,2
5APDA,Informaticawetenschappen,specifiek gedeelte,vak,WAAR,ONWAAR,4
5APDA,Digitaal ondersteuner,specifiek gedeelte,vak,ONWAAR,ONWAAR,
5APDA,Applicatie- en datatechnieken,specifiek gedeelte,vak,WAAR,ONWAAR,8
6APDA,Godsdienst / Zedenleer,basisvorming,vak,ONWAAR,ONWAAR,2
6APDA,Aardrijkskunde,basisvorming,vak,ONWAAR,ONWAAR,1
6APDA,Natuurwetenschappen,basisvorming,vak,ONWAAR,ONWAAR,1
6APDA,Engels,basisvorming,vak,ONWAAR,ONWAAR,2
6APDA,Frans,basisvorming,vak,ONWAAR,ONWAAR,2
6APDA,Geschiedenis,basisvorming,vak,ONWAAR,ONWAAR,1
6APDA,Lichamelijke opvoeding,basisvorming,vak,ONWAAR,ONWAAR,2
6APDA,Nederlands,basisvorming,vak,ONWAAR,ONWAAR,3
6APDA,Wiskunde,basisvorming,vak,ONWAAR,ONWAAR,2
6APDA,Burgerschap,basisvorming,vak,ONWAAR,ONWAAR,1
6APDA,Artistieke expressie,basisvorming,vak,ONWAAR,ONWAAR,1
6APDA,Economie,basisvorming,vak,ONWAAR,ONWAAR,-
6APDA,Wiskunde,specifiek gedeelte,vak,ONWAAR,ONWAAR,2
6APDA,Informaticawetenschappen,specifiek gedeelte,vak,WAAR,ONWAAR,4
6APDA,Digitaal ondersteuner,specifiek gedeelte,vak,ONWAAR,ONWAAR,
6APDA,Applicatie- en datatechnieken,specifiek gedeelte,vak,WAAR,ONWAAR,8
5AUTO,Godsdienst / Zedenleer,basisvorming,vak,ONWAAR,ONWAAR,2
5AUTO,Project Algemene Vakken,basisvorming,vak,ONWAAR,ONWAAR,
5AUTO,STEM (1),basisvorming,vak,WAAR,ONWAAR,4
5AUTO,MTC (2),basisvorming,vak,WAAR,ONWAAR,4
5AUTO,Nederlands,basisvorming,vak,ONWAAR,ONWAAR,1
5AUTO,Frans,basisvorming,vak,ONWAAR,ONWAAR,2
5AUTO,Lichamelijke opvoeding,basisvorming,vak,ONWAAR,ONWAAR,2
5AUTO,Onderhoudsmechanica auto,specifiek gedeelte,vak,ONWAAR,ONWAAR,18
6AUTO,Godsdienst / Zedenleer,basisvorming,vak,ONWAAR,ONWAAR,2
6AUTO,Project Algemene Vakken,basisvorming,vak,ONWAAR,ONWAAR,
6AUTO,STEM (1),basisvorming,vak,WAAR,ONWAAR,4
6AUTO,MTC (2),basisvorming,vak,WAAR,ONWAAR,4
6AUTO,Nederlands,basisvorming,vak,ONWAAR,ONWAAR,1
6AUTO,Frans,basisvorming,vak,ONWAAR,ONWAAR,2
6AUTO,Lichamelijke opvoeding,basisvorming,vak,ONWAAR,ONWAAR,2
6AUTO,Onderhoudsmechanica auto,specifiek gedeelte,vak,ONWAAR,ONWAAR,18
5BZO,Godsdienst / Zedenleer,basisvorming,vak,ONWAAR,WAAR,2
5BZO,Project Algemene Vakken,basisvorming,vak,ONWAAR,ONWAAR,
5BZO,STEM (1),basisvorming,vak,ONWAAR,ONWAAR,4
5BZO,MTC (2),basisvorming,vak,ONWAAR,ONWAAR,4
5BZO,Nederlands,basisvorming,vak,ONWAAR,ONWAAR,1
5BZO,Frans,basisvorming,vak,ONWAAR,ONWAAR,2
5BZO,Lichamelijke opvoeding,basisvorming,vak,ONWAAR,ONWAAR,2
5BZO,Basiszorg en ondersteuning,specifiek gedeelte,vak,ONWAAR,ONWAAR,
5BZO,Indirecte zorg,specifiek gedeelte,vak,WAAR,ONWAAR,4
5BZO,Voeding,specifiek gedeelte,vak,WAAR,ONWAAR,6
5BZO,Opvoedkunde,specifiek gedeelte,vak,WAAR,ONWAAR,4
5BZO,Verzorging,specifiek gedeelte,vak,WAAR,ONWAAR,4
6BZO,Godsdienst / Zedenleer,basisvorming,vak,ONWAAR,WAAR,2
6BZO,Project Algemene Vakken,basisvorming,vak,ONWAAR,ONWAAR,
6BZO,STEM (1),basisvorming,vak,WAAR,ONWAAR,4
6BZO,MTC (2),basisvorming,vak,WAAR,ONWAAR,5
6BZO,Nederlands,basisvorming,vak,ONWAAR,ONWAAR,1
6BZO,Frans,basisvorming,vak,ONWAAR,ONWAAR,2
6BZO,Lichamelijke opvoeding,basisvorming,vak,ONWAAR,ONWAAR,2
6BZO,Basiszorg en ondersteuning,specifiek gedeelte,vak,ONWAAR,ONWAAR,
6BZO,Indirecte zorg,specifiek gedeelte,vak,WAAR,ONWAAR,3
6BZO,Voeding,specifiek gedeelte,vak,WAAR,ONWAAR,4
6BZO,Opvoedkunde,specifiek gedeelte,vak,WAAR,ONWAAR,6
6BZO,Verzorging,specifiek gedeelte,vak,WAAR,ONWAAR,4
3BO,Godsdienst / Zedenleer,basisvorming,vak,ONWAAR,WAAR,2
3BO,Aardrijkskunde,basisvorming,vak,ONWAAR,ONWAAR,-
3BO,Engels,basisvorming,vak,ONWAAR,ONWAAR,2
3BO,Frans,basisvorming,vak,ONWAAR,ONWAAR,2
3BO,Geschiedenis,basisvorming,vak,ONWAAR,ONWAAR,1
3BO,Nederlands,basisvorming,vak,ONWAAR,ONWAAR,3
3BO,Wiskunde,basisvorming,vak,ONWAAR,ONWAAR,3
3BO,Lichamelijke opvoeding,basisvorming,vak,ONWAAR,ONWAAR,2
3BO,Burgerschap,basisvorming,vak,ONWAAR,ONWAAR,1
3BO,Toegepaste informatica,basisvorming,vak,ONWAAR,ONWAAR,1
3BO,Natuurwetenschappen,basisvorming,vak,ONWAAR,ONWAAR,1
3BO,Artistieke expressie,basisvorming,vak,ONWAAR,ONWAAR,-
3BO,Bedrijfsorganisatie,specifiek gedeelte,vak,ONWAAR,ONWAAR,
3BO,Algemene economie,specifiek gedeelte,vak,WAAR,ONWAAR,2
3BO,Toegepaste economie en informatica,specifiek gedeelte,vak,WAAR,ONWAAR,5
3BO,Toerisme,specifiek gedeelte,vak,WAAR,ONWAAR,2
3BO,Boekhouden,specifiek gedeelte,vak,WAAR,ONWAAR,3
3BO,Nederlands,specifiek gedeelte,vak,WAAR,ONWAAR,1
3BO,Frans (wisseluur),specifiek gedeelte,vak,WAAR,ONWAAR,0.5
3BO,Engels (wisseluur),specifiek gedeelte,vak,WAAR,ONWAAR,0.5
4BO,Godsdienst / Zedenleer,basisvorming,vak,ONWAAR,WAAR,2
4BO,Aardrijkskunde,basisvorming,vak,ONWAAR,ONWAAR,1
4BO,Engels,basisvorming,vak,ONWAAR,ONWAAR,2
4BO,Frans,basisvorming,vak,ONWAAR,ONWAAR,2
4BO,Geschiedenis,basisvorming,vak,ONWAAR,ONWAAR,1
4BO,Nederlands,basisvorming,vak,ONWAAR,ONWAAR,3
4BO,Wiskunde,basisvorming,vak,ONWAAR,ONWAAR,3
4BO,Lichamelijke opvoeding,basisvorming,vak,ONWAAR,ONWAAR,2
4BO,Burgerschap,basisvorming,vak,ONWAAR,ONWAAR,-
4BO,Toegepaste informatica,basisvorming,vak,ONWAAR,ONWAAR,-
4BO,Natuurwetenschappen,basisvorming,vak,ONWAAR,ONWAAR,1
4BO,Artistieke expressie,basisvorming,vak,ONWAAR,ONWAAR,1
4BO,Bedrijfsorganisatie,specifiek gedeelte,vak,ONWAAR,ONWAAR,
4BO,Algemene economie,specifiek gedeelte,vak,WAAR,ONWAAR,2
4BO,Toegepaste economie en informatica,specifiek gedeelte,vak,WAAR,ONWAAR,5
4BO,Toerisme,specifiek gedeelte,vak,WAAR,ONWAAR,2
4BO,Boekhouden,specifiek gedeelte,vak,WAAR,ONWAAR,3
4BO,Nederlands,specifiek gedeelte,vak,WAAR,ONWAAR,1
4BO,Frans (wisseluur),specifiek gedeelte,vak,WAAR,ONWAAR,0.5
4BO,Engels (wisseluur),specifiek gedeelte,vak,WAAR,ONWAAR,0.5
5BO,Godsdienst / Zedenleer,basisvorming,vak,ONWAAR,WAAR,2
5BO,Aardrijkskunde,basisvorming,vak,ONWAAR,ONWAAR,1
5BO,Engels,basisvorming,vak,ONWAAR,ONWAAR,2
5BO,Frans,basisvorming,vak,ONWAAR,ONWAAR,2
5BO,Geschiedenis,basisvorming,vak,ONWAAR,ONWAAR,1
5BO,Lichamelijke opvoeding,basisvorming,vak,ONWAAR,ONWAAR,2
5BO,Natuurwetenschappen,basisvorming,vak,ONWAAR,ONWAAR,1
5BO,Nederlands,basisvorming,vak,ONWAAR,ONWAAR,3
5BO,Wiskunde,basisvorming,vak,ONWAAR,ONWAAR,2
5BO,Burgerschap,basisvorming,vak,ONWAAR,ONWAAR,-
5BO,Economie,basisvorming,vak,ONWAAR,ONWAAR,1
5BO,Artistieke expressie,basisvorming,vak,ONWAAR,ONWAAR,-
5BO,Bedrijfsorganisatie,specifiek gedeelte,vak,ONWAAR,ONWAAR,
5BO,Engels (wisseluur),specifiek gedeelte,vak,WAAR,ONWAAR,0.5
5BO,Frans (wisseluur),specifiek gedeelte,vak,WAAR,ONWAAR,0.5
5BO,Financiële algebra (wiskunde),specifiek gedeelte,vak,WAAR,ONWAAR,-
5BO,Algemene economie,specifiek gedeelte,vak,WAAR,ONWAAR,2
5BO,Bedrijfswetenschappen incl. mini-onderneming,specifiek gedeelte,vak,WAAR,ONWAAR,4
5BO,Toegepaste economie/toegepaste informatica incl. mini-onderneming,specifiek gedeelte,vak,ONWAAR,ONWAAR,8
6BO,Godsdienst / Zedenleer,basisvorming,vak,ONWAAR,WAAR,2
6BO,Aardrijkskunde,basisvorming,vak,ONWAAR,ONWAAR,1
6BO,Engels,basisvorming,vak,ONWAAR,ONWAAR,2
6BO,Frans,basisvorming,vak,ONWAAR,ONWAAR,2
6BO,Geschiedenis,basisvorming,vak,ONWAAR,ONWAAR,1
6BO,Lichamelijke opvoeding,basisvorming,vak,ONWAAR,ONWAAR,2
6BO,Natuurwetenschappen,basisvorming,vak,ONWAAR,ONWAAR,1
6BO,Nederlands,basisvorming,vak,ONWAAR,ONWAAR,3
6BO,Wiskunde,basisvorming,vak,ONWAAR,ONWAAR,2
6BO,Burgerschap,basisvorming,vak,ONWAAR,ONWAAR,1
6BO,Economie,basisvorming,vak,ONWAAR,ONWAAR,-
6BO,Artistieke expressie,basisvorming,vak,ONWAAR,ONWAAR,1
6BO,Bedrijfsorganisatie,specifiek gedeelte,vak,ONWAAR,ONWAAR,
6BO,Engels (wisseluur),specifiek gedeelte,vak,WAAR,ONWAAR,0.5
6BO,Frans (wisseluur),specifiek gedeelte,vak,WAAR,ONWAAR,0.5
6BO,Financiële algebra (wiskunde),specifiek gedeelte,vak,WAAR,ONWAAR,1
6BO,Algemene economie,specifiek gedeelte,vak,WAAR,ONWAAR,2
6BO,Bedrijfswetenschappen incl. mini-onderneming,specifiek gedeelte,vak,WAAR,ONWAAR,3
6BO,Toegepaste economie/toegepaste informatica incl. mini-onderneming,specifiek gedeelte,vak,WAAR,ONWAAR,8
3BW,Godsdienst / Zedenleer,basisvorming,vak,ONWAAR,WAAR,2
3BW,Aardrijkskunde,basisvorming,vak,ONWAAR,ONWAAR,1
3BW,Engels,basisvorming,vak,ONWAAR,ONWAAR,3
3BW,Frans,basisvorming,vak,ONWAAR,ONWAAR,3
3BW,Geschiedenis,basisvorming,vak,ONWAAR,ONWAAR,1
3BW,Nederlands,basisvorming,vak,ONWAAR,ONWAAR,4
3BW,Lichamelijke opvoeding,basisvorming,vak,ONWAAR,ONWAAR,2
3BW,Burgerschap,basisvorming,vak,ONWAAR,ONWAAR,-
3BW,Toegepaste informatica,basisvorming,vak,ONWAAR,ONWAAR,1
3BW,Natuurwetenschappen,basisvorming,vak,ONWAAR,ONWAAR,2
3BW,Artistieke expressie,basisvorming,vak,ONWAAR,ONWAAR,1
3BW,Wiskunde,specifiek gedeelte,vak,ONWAAR,ONWAAR,4
3BW,Bedrijfswetenschappen,specifiek gedeelte,vak,ONWAAR,ONWAAR,
3BW,Economie,specifiek gedeelte,vak,WAAR,ONWAAR,3
3BW,Bedrijfswetenschappen,specifiek gedeelte,vak,WAAR,ONWAAR,3
3BW,Informaticawetenschappen,specifiek gedeelte,vak,WAAR,ONWAAR,2
4BW,Godsdienst / Zedenleer,basisvorming,vak,ONWAAR,WAAR,2
4BW,Aardrijkskunde,basisvorming,vak,ONWAAR,ONWAAR,1
4BW,Engels,basisvorming,vak,ONWAAR,ONWAAR,3
4BW,Frans,basisvorming,vak,ONWAAR,ONWAAR,3
4BW,Geschiedenis,basisvorming,vak,ONWAAR,ONWAAR,2
4BW,Nederlands,basisvorming,vak,ONWAAR,ONWAAR,4
4BW,Lichamelijke opvoeding,basisvorming,vak,ONWAAR,ONWAAR,2
4BW,Burgerschap,basisvorming,vak,ONWAAR,ONWAAR,1
4BW,Toegepaste informatica,basisvorming,vak,ONWAAR,ONWAAR,-
4BW,Natuurwetenschappen,basisvorming,vak,ONWAAR,ONWAAR,2
4BW,Artistieke expressie,basisvorming,vak,ONWAAR,ONWAAR,-
4BW,Wiskunde,specifiek gedeelte,vak,ONWAAR,ONWAAR,4
4BW,Bedrijfswetenschappen,specifiek gedeelte,vak,ONWAAR,ONWAAR,
4BW,Economie,specifiek gedeelte,vak,WAAR,ONWAAR,3
4BW,Bedrijfswetenschappen,specifiek gedeelte,vak,WAAR,ONWAAR,3
4BW,Informaticawetenschappen,specifiek gedeelte,vak,WAAR,ONWAAR,2
5BIN,Godsdienst / Zedenleer,basisvorming,vak,ONWAAR,ONWAAR,2
5BIN,PAV,basisvorming,vak,ONWAAR,ONWAAR,
5BIN,STEM (1),basisvorming,vak,WAAR,ONWAAR,4
5BIN,MTC (2),basisvorming,vak,WAAR,ONWAAR,4
5BIN,Nederlands,basisvorming,vak,ONWAAR,ONWAAR,1
5BIN,Frans,basisvorming,vak,ONWAAR,ONWAAR,2
5BIN,Lichamelijke opvoeding,basisvorming,vak,ONWAAR,ONWAAR,2
5BIN,Binnenschrijnwerk en interieur,specifiek gedeelte,vak,ONWAAR,ONWAAR,18
6BIN,Godsdienst / Zedenleer,basisvorming,vak,ONWAAR,ONWAAR,2
6BIN,PAV,basisvorming,vak,ONWAAR,ONWAAR,
6BIN,STEM (1),basisvorming,vak,WAAR,ONWAAR,4
6BIN,MTC (2),basisvorming,vak,WAAR,ONWAAR,4
6BIN,Nederlands,basisvorming,vak,ONWAAR,ONWAAR,1
6BIN,Frans,basisvorming,vak,ONWAAR,ONWAAR,2
6BIN,Lichamelijke opvoeding,basisvorming,vak,ONWAAR,ONWAAR,2
6BIN,Binnenschrijnwerk en interieur,specifiek gedeelte,vak,ONWAAR,ONWAAR,18
5CO,Godsdienst / Zedenleer,basisvorming,vak,ONWAAR,WAAR,2
5CO,Aardrijkskunde,basisvorming,vak,ONWAAR,ONWAAR,1
5CO,Engels,basisvorming,vak,ONWAAR,ONWAAR,2
5CO,Frans,basisvorming,vak,ONWAAR,ONWAAR,2
5CO,Geschiedenis,basisvorming,vak,ONWAAR,ONWAAR,1
5CO,Lichamelijke opvoeding,basisvorming,vak,ONWAAR,ONWAAR,2
5CO,Natuurwetenschappen,basisvorming,vak,ONWAAR,ONWAAR,1
5CO,Nederlands,basisvorming,vak,ONWAAR,ONWAAR,3
5CO,Wiskunde,basisvorming,vak,ONWAAR,ONWAAR,2
5CO,Burgerschap,basisvorming,vak,ONWAAR,ONWAAR,-
5CO,Economie,basisvorming,vak,ONWAAR,ONWAAR,1
5CO,Artistieke expressie,basisvorming,vak,ONWAAR,ONWAAR,-
5CO,Commerciële organisatie,specifiek gedeelte,vak,ONWAAR,ONWAAR,
5CO,Engels (wisseluur),specifiek gedeelte,vak,WAAR,ONWAAR,"0.5"
5CO,Frans (wisseluur),specifiek gedeelte,vak,WAAR,ONWAAR,"0.5"
5CO,Financiële algebra (wiskunde),specifiek gedeelte,vak,WAAR,ONWAAR,-
5CO,Economie (algemeen),specifiek gedeelte,vak,WAAR,ONWAAR,2
5CO,Bedrijfswetenschappen incl. mini-onderneming,specifiek gedeelte,vak,WAAR,ONWAAR,4
5CO,Toegepaste economie/toegepaste informatica incl. mini-onderneming,specifiek gedeelte,vak,WAAR,ONWAAR,8
5DUA-ASWW,BGV Beroepsgerichte vorming,basisvorming,vak,ONWAAR,ONWAAR,6
5DUA-ASWW,PAV,basisvorming,vak,ONWAAR,ONWAAR,8
5DUA-ASWW,Frans,basisvorming,vak,ONWAAR,ONWAAR,2
5DUA-ASWW,Werkplekleren,basisvorming,vak,ONWAAR,ONWAAR,22
6DUA-ASWW,BGV Beroepsgerichte vorming,basisvorming,vak,ONWAAR,ONWAAR,6
6DUA-ASWW,PAV,basisvorming,vak,ONWAAR,ONWAAR,8
6DUA-ASWW,Frans,basisvorming,vak,ONWAAR,ONWAAR,2
6DUA-ASWW,Werkplekleren,basisvorming,vak,ONWAAR,ONWAAR,22
5DUA-AUTO,BGV Beroepsgerichte vorming,basisvorming,vak,ONWAAR,ONWAAR,6
5DUA-AUTO,PAV,basisvorming,vak,ONWAAR,ONWAAR,8
5DUA-AUTO,Frans,basisvorming,vak,ONWAAR,ONWAAR,2
5DUA-AUTO,Werkplekleren,basisvorming,vak,ONWAAR,ONWAAR,22
6DUA-AUTO,BGV Beroepsgerichte vorming,basisvorming,vak,ONWAAR,ONWAAR,6
6DUA-AUTO,PAV,basisvorming,vak,ONWAAR,ONWAAR,8
6DUA-AUTO,Frans,basisvorming,vak,ONWAAR,ONWAAR,2
6DUA-AUTO,Werkplekleren,basisvorming,vak,ONWAAR,ONWAAR,22
5DUA-BIN,BGV Beroepsgerichte vorming,basisvorming,vak,ONWAAR,ONWAAR,6
5DUA-BIN,PAV,basisvorming,vak,ONWAAR,ONWAAR,8
5DUA-BIN,Frans,basisvorming,vak,ONWAAR,ONWAAR,2
5DUA-BIN,Werkplekleren,basisvorming,vak,ONWAAR,ONWAAR,22
6DUA-BIN,BGV Beroepsgerichte vorming,basisvorming,vak,ONWAAR,ONWAAR,6
6DUA-BIN,PAV,basisvorming,vak,ONWAAR,ONWAAR,8
6DUA-BIN,Frans,basisvorming,vak,ONWAAR,ONWAAR,2
6DUA-BIN,Werkplekleren,basisvorming,vak,ONWAAR,ONWAAR,22
5DUA-ELINS,BGV Beroepsgerichte vorming,basisvorming,vak,ONWAAR,ONWAAR,6
5DUA-ELINS,PAV,basisvorming,vak,ONWAAR,ONWAAR,8
5DUA-ELINS,Frans,basisvorming,vak,ONWAAR,ONWAAR,2
5DUA-ELINS,Werkplekleren,basisvorming,vak,ONWAAR,ONWAAR,22
6DUA-ELINS,BGV Beroepsgerichte vorming,basisvorming,vak,ONWAAR,ONWAAR,6
6DUA-ELINS,PAV,basisvorming,vak,ONWAAR,ONWAAR,8
6DUA-ELINS,Frans,basisvorming,vak,ONWAAR,ONWAAR,2
6DUA-ELINS,Werkplekleren,basisvorming,vak,ONWAAR,ONWAAR,22
5DUA-FIETS,BGV Beroepsgerichte vorming,basisvorming,vak,ONWAAR,ONWAAR,6
5DUA-FIETS,PAV,basisvorming,vak,ONWAAR,ONWAAR,8
5DUA-FIETS,Frans,basisvorming,vak,ONWAAR,ONWAAR,2
5DUA-FIETS,Werkplekleren,basisvorming,vak,ONWAAR,ONWAAR,22
6DUA-FIETS,BGV Beroepsgerichte vorming,basisvorming,vak,ONWAAR,ONWAAR,6
6DUA-FIETS,PAV,basisvorming,vak,ONWAAR,ONWAAR,8
6DUA-FIETS,Frans,basisvorming,vak,ONWAAR,ONWAAR,2
6DUA-FIETS,Werkplekleren,basisvorming,vak,ONWAAR,ONWAAR,22
5DUA-HZ,BGV Beroepsgerichte vorming,basisvorming,vak,ONWAAR,ONWAAR,6
5DUA-HZ,PAV,basisvorming,vak,ONWAAR,ONWAAR,8
5DUA-HZ,Frans,basisvorming,vak,ONWAAR,ONWAAR,2
5DUA-HZ,Werkplekleren,basisvorming,vak,ONWAAR,ONWAAR,22
6DUA-HZ,BGV Beroepsgerichte vorming,basisvorming,vak,ONWAAR,ONWAAR,6
6DUA-HZ,PAV,basisvorming,vak,ONWAAR,ONWAAR,8
6DUA-HZ,Frans,basisvorming,vak,ONWAAR,ONWAAR,2
6DUA-HZ,Werkplekleren,basisvorming,vak,ONWAAR,ONWAAR,22
5DUA-KW,BGV Beroepsgerichte vorming,basisvorming,vak,ONWAAR,ONWAAR,6
5DUA-KW,PAV,basisvorming,vak,ONWAAR,ONWAAR,8
5DUA-KW,Frans,basisvorming,vak,ONWAAR,ONWAAR,2
5DUA-KW,Werkplekleren,basisvorming,vak,ONWAAR,ONWAAR,22
6DUA-KW,BGV Beroepsgerichte vorming,basisvorming,vak,ONWAAR,ONWAAR,6
6DUA-KW,PAV,basisvorming,vak,ONWAAR,ONWAAR,8
6DUA-KW,Frans,basisvorming,vak,ONWAAR,ONWAAR,2
6DUA-KW,Werkplekleren,basisvorming,vak,ONWAAR,ONWAAR,22
7DUA-SPAUTO,BGV Beroepsgerichte vorming,specifiek gedeelte,vak,ONWAAR,ONWAAR,6
7DUA-SPAUTO,Werkplekleren,specifiek gedeelte,vak,ONWAAR,ONWAAR,32
7DUA-SPEM,BGV Beroepsgerichte vorming,specifiek gedeelte,vak,ONWAAR,ONWAAR,6
7DUA-SPEM,Werkplekleren,specifiek gedeelte,vak,ONWAAR,ONWAAR,32
7DUA-BUKU,BGV Beroepsgerichte vorming,specifiek gedeelte,vak,ONWAAR,ONWAAR,6
7DUA-BUKU,Werkplekleren,specifiek gedeelte,vak,ONWAAR,ONWAAR,32
7DUA-SHPAAR,BGV Beroepsgerichte vorming,specifiek gedeelte,vak,ONWAAR,ONWAAR,6
7DUA-SHPAAR,Werkplekleren,specifiek gedeelte,vak,ONWAAR,ONWAAR,32
7DUA-VZORG,BGV Beroepsgerichte vorming,specifiek gedeelte,vak,ONWAAR,ONWAAR,6
7DUA-VZORG,Werkplekleren,specifiek gedeelte,vak,ONWAAR,ONWAAR,32
3ELEK,Godsdienst / Zedenleer,basisvorming,vak,ONWAAR,ONWAAR,2
3ELEK,PAV,basisvorming,vak,ONWAAR,ONWAAR,7
3ELEK,STEM (1),basisvorming,vak,WAAR,ONWAAR,
3ELEK,MTC (2),basisvorming,vak,WAAR,ONWAAR,
3ELEK,Nederlands,basisvorming,vak,ONWAAR,ONWAAR,2
3ELEK,Frans (MVT),basisvorming,vak,ONWAAR,ONWAAR,2
3ELEK,Lichamelijke opvoeding,basisvorming,vak,ONWAAR,ONWAAR,2
3ELEK,STEM Elektriciteit,specifiek gedeelte,vak,ONWAAR,ONWAAR,
3ELEK,Basis,specifiek gedeelte,vak,WAAR,ONWAAR,8
3ELEK,Auto,specifiek gedeelte,vak,WAAR,ONWAAR,5
3ELEK,Elektriciteit,specifiek gedeelte,vak,WAAR,ONWAAR,6
4ELEK,Godsdienst / Zedenleer,basisvorming,vak,ONWAAR,ONWAAR,2
4ELEK,PAV,basisvorming,vak,ONWAAR,ONWAAR,7
4ELEK,STEM (1),basisvorming,vak,WAAR,ONWAAR,
4ELEK,MTC (2),basisvorming,vak,WAAR,ONWAAR,
4ELEK,Nederlands,basisvorming,vak,ONWAAR,ONWAAR,2
4ELEK,Frans (MVT),basisvorming,vak,ONWAAR,ONWAAR,2
4ELEK,Lichamelijke opvoeding,basisvorming,vak,ONWAAR,ONWAAR,2
4ELEK,STEM Elektriciteit,specifiek gedeelte,vak,ONWAAR,ONWAAR,
4ELEK,Basis,specifiek gedeelte,vak,WAAR,ONWAAR,8
4ELEK,Auto,specifiek gedeelte,vak,WAAR,ONWAAR,5
4ELEK,Elektriciteit,specifiek gedeelte,vak,WAAR,ONWAAR,6
5ELINS,Godsdienst / Zedenleer,basisvorming,vak,ONWAAR,ONWAAR,2
5ELINS,Project Algemene Vakken,basisvorming,vak,ONWAAR,ONWAAR,
5ELINS,STEM (1),basisvorming,vak,WAAR,ONWAAR,4
5ELINS,MTC (2),basisvorming,vak,WAAR,ONWAAR,4
5ELINS,Nederlands,basisvorming,vak,ONWAAR,ONWAAR,1
5ELINS,Frans,basisvorming,vak,ONWAAR,ONWAAR,2
5ELINS,Lichamelijke opvoeding,basisvorming,vak,ONWAAR,ONWAAR,2
5ELINS,Elektrische installaties,specifiek gedeelte,vak,ONWAAR,ONWAAR,18
6ELINS,Godsdienst / Zedenleer,basisvorming,vak,ONWAAR,ONWAAR,2
6ELINS,Project Algemene Vakken,basisvorming,vak,ONWAAR,ONWAAR,
6ELINS,STEM (1),basisvorming,vak,WAAR,ONWAAR,4
6ELINS,MTC (2),basisvorming,vak,WAAR,ONWAAR,4
6ELINS,Nederlands,basisvorming,vak,ONWAAR,ONWAAR,1
6ELINS,Frans,basisvorming,vak,ONWAAR,ONWAAR,2
6ELINS,Lichamelijke opvoeding,basisvorming,vak,ONWAAR,ONWAAR,2
6ELINS,Elektrische installaties,specifiek gedeelte,vak,ONWAAR,ONWAAR,18
3EMT,Godsdienst / Zedenleer,basisvorming,vak,ONWAAR,ONWAAR,2
3EMT,Aardrijkskunde,basisvorming,vak,ONWAAR,ONWAAR,-
3EMT,Engels,basisvorming,vak,ONWAAR,ONWAAR,2
3EMT,Frans,basisvorming,vak,ONWAAR,ONWAAR,2
3EMT,Geschiedenis,basisvorming,vak,ONWAAR,ONWAAR,1
3EMT,Nederlands,basisvorming,vak,ONWAAR,ONWAAR,3
3EMT,Wiskunde,basisvorming,vak,ONWAAR,ONWAAR,3
3EMT,Lichamelijke opvoeding,basisvorming,vak,ONWAAR,ONWAAR,2
3EMT,Burgerschap,basisvorming,vak,ONWAAR,ONWAAR,1
3EMT,Toegepaste informatica,basisvorming,vak,ONWAAR,ONWAAR,1
3EMT,Artistieke expressie,basisvorming,vak,ONWAAR,ONWAAR,-
3EMT,Natuurwetenschappen,basisvorming,vak,ONWAAR,ONWAAR,1
3EMT,Wiskunde,specifiek gedeelte,vak,WAAR,ONWAAR,1
3EMT,Mechanica,specifiek gedeelte,vak,WAAR,ONWAAR,2
3EMT,Elektriciteit,specifiek gedeelte,vak,WAAR,ONWAAR,2
3EMT,STEM Engineering,specifiek gedeelte,vak,WAAR,ONWAAR,1
3EMT,STEM,specifiek gedeelte,vak,ONWAAR,ONWAAR,
3EMT,Elektromechanische technieken,specifiek gedeelte,vak,WAAR,ONWAAR,8
4EMT,Godsdienst / Zedenleer,basisvorming,vak,ONWAAR,WAAR,2
4EMT,Aardrijkskunde,basisvorming,vak,ONWAAR,ONWAAR,1
4EMT,Engels,basisvorming,vak,ONWAAR,ONWAAR,2
4EMT,Frans,basisvorming,vak,ONWAAR,ONWAAR,2
4EMT,Geschiedenis,basisvorming,vak,ONWAAR,ONWAAR,1
4EMT,Nederlands,basisvorming,vak,ONWAAR,ONWAAR,3
4EMT,Wiskunde,basisvorming,vak,ONWAAR,ONWAAR,4
4EMT,Lichamelijke opvoeding,basisvorming,vak,ONWAAR,ONWAAR,2
4EMT,Burgerschap,basisvorming,vak,ONWAAR,ONWAAR,-
4EMT,Toegepaste informatica,basisvorming,vak,ONWAAR,ONWAAR,-
4EMT,Artistieke expressie,basisvorming,vak,ONWAAR,ONWAAR,1
4EMT,Natuurwetenschappen,basisvorming,vak,ONWAAR,ONWAAR,1
4EMT,Wiskunde,specifiek gedeelte,vak,WAAR,ONWAAR,-
4EMT,Mechanica,specifiek gedeelte,vak,WAAR,ONWAAR,2
4EMT,Elektriciteit,specifiek gedeelte,vak,WAAR,ONWAAR,2
4EMT,STEM Engineering,specifiek gedeelte,vak,WAAR,ONWAAR,1
4EMT,STEM,specifiek gedeelte,vak,ONWAAR,ONWAAR,
4EMT,Elektromechanische technieken,specifiek gedeelte,vak,WAAR,ONWAAR,8
5EMT,Godsdienst / Zedenleer,basisvorming,vak,ONWAAR,ONWAAR,2
5EMT,Aardrijkskunde,basisvorming,vak,ONWAAR,ONWAAR,1
5EMT,Engels,basisvorming,vak,ONWAAR,ONWAAR,2
5EMT,Frans,basisvorming,vak,ONWAAR,ONWAAR,2
5EMT,Geschiedenis,basisvorming,vak,ONWAAR,ONWAAR,1
5EMT,Lichamelijke opvoeding,basisvorming,vak,ONWAAR,ONWAAR,2
5EMT,Natuurwetenschappen,basisvorming,vak,ONWAAR,ONWAAR,1
5EMT,Nederlands,basisvorming,vak,ONWAAR,ONWAAR,3
5EMT,Wiskunde,basisvorming,vak,ONWAAR,ONWAAR,3
5EMT,Burgerschap,basisvorming,vak,ONWAAR,ONWAAR,-
5EMT,Artistieke expressie,basisvorming,vak,ONWAAR,ONWAAR,-
5EMT,Economie,basisvorming,vak,ONWAAR,ONWAAR,1
5EMT,Wiskunde,specifiek gedeelte,vak,WAAR,ONWAAR,1
5EMT,Mechanica,specifiek gedeelte,vak,WAAR,ONWAAR,2
5EMT,Elektriciteit,specifiek gedeelte,vak,WAAR,ONWAAR,2
5EMT,STEM Engineering,specifiek gedeelte,vak,WAAR,ONWAAR,1
5EMT,STEM,specifiek gedeelte,vak,ONWAAR,ONWAAR,
5EMT,Elektromechanische technieken,specifiek gedeelte,vak,WAAR,ONWAAR,8
6EMT,Godsdienst / Zedenleer,basisvorming,vak,ONWAAR,ONWAAR,2
6EMT,Aardrijkskunde,basisvorming,vak,ONWAAR,ONWAAR,1
6EMT,Engels,basisvorming,vak,ONWAAR,ONWAAR,2
6EMT,Frans,basisvorming,vak,ONWAAR,ONWAAR,2
6EMT,Geschiedenis,basisvorming,vak,ONWAAR,ONWAAR,1
6EMT,Lichamelijke opvoeding,basisvorming,vak,ONWAAR,ONWAAR,2
6EMT,Natuurwetenschappen,basisvorming,vak,ONWAAR,ONWAAR,1
6EMT,Nederlands,basisvorming,vak,ONWAAR,ONWAAR,3
6EMT,Wiskunde,basisvorming,vak,ONWAAR,ONWAAR,2
6EMT,Burgerschap,basisvorming,vak,ONWAAR,ONWAAR,1
6EMT,Artistieke expressie,basisvorming,vak,ONWAAR,ONWAAR,1
6EMT,Economie,basisvorming,vak,ONWAAR,ONWAAR,-
6EMT,Wiskunde,specifiek gedeelte,vak,WAAR,ONWAAR,1
6EMT,Mechanica,specifiek gedeelte,vak,WAAR,ONWAAR,2
6EMT,Elektriciteit,specifiek gedeelte,vak,WAAR,ONWAAR,2
6EMT,STEM Engineering,specifiek gedeelte,vak,WAAR,ONWAAR,1
6EMT,STEM,specifiek gedeelte,vak,ONWAAR,ONWAAR,
6EMT,Elektromechanische technieken,specifiek gedeelte,vak,WAAR,ONWAAR,8
3GRATECH,Godsdienst en zedenleer,basisvorming,vak,ONWAAR,ONWAAR,2
3GRATECH,Aardrijkskunde,basisvorming,vak,ONWAAR,ONWAAR,-
3GRATECH,Engels,basisvorming,vak,ONWAAR,ONWAAR,2
3GRATECH,Frans,basisvorming,vak,ONWAAR,ONWAAR,2
3GRATECH,Geschiedenis,basisvorming,vak,ONWAAR,ONWAAR,1
3GRATECH,Nederlands,basisvorming,vak,ONWAAR,ONWAAR,3
3GRATECH,Wiskunde,basisvorming,vak,ONWAAR,ONWAAR,3
3GRATECH,Lichamelijke opvoeding,basisvorming,vak,ONWAAR,ONWAAR,2
3GRATECH,Burgerschap,basisvorming,vak,ONWAAR,ONWAAR,1
3GRATECH,Toegepaste informatica,basisvorming,vak,ONWAAR,ONWAAR,1
3GRATECH,Natuurwetenschappen,basisvorming,vak,ONWAAR,ONWAAR,1
3GRATECH,Artistieke expressie,basisvorming,vak,ONWAAR,ONWAAR,-
3GRATECH,Wiskunde,specifiek gedeelte,vak,WAAR,ONWAAR,1
3GRATECH,STEM-engineering,specifiek gedeelte,vak,WAAR,ONWAAR,1
3GRATECH,Kunstbeschouwing,specifiek gedeelte,vak,WAAR,ONWAAR,1
3GRATECH,STEM,specifiek gedeelte,vak,ONWAAR,ONWAAR,
3GRATECH,Grafische technieken,specifiek gedeelte,vak,WAAR,ONWAAR,11
4GRATECH,Godsdienst en zedenleer,basisvorming,vak,ONWAAR,ONWAAR,2
4GRATECH,Aardrijkskunde,basisvorming,vak,ONWAAR,ONWAAR,1
4GRATECH,Engels,basisvorming,vak,ONWAAR,ONWAAR,2
4GRATECH,Frans,basisvorming,vak,ONWAAR,ONWAAR,2
4GRATECH,Geschiedenis,basisvorming,vak,ONWAAR,ONWAAR,1
4GRATECH,Nederlands,basisvorming,vak,ONWAAR,ONWAAR,3
4GRATECH,Wiskunde,basisvorming,vak,ONWAAR,ONWAAR,4
4GRATECH,Lichamelijke opvoeding,basisvorming,vak,ONWAAR,ONWAAR,2
4GRATECH,Burgerschap,basisvorming,vak,ONWAAR,ONWAAR,-
4GRATECH,Toegepaste informatica,basisvorming,vak,ONWAAR,ONWAAR,-
4GRATECH,Natuurwetenschappen,basisvorming,vak,ONWAAR,ONWAAR,1
4GRATECH,Artistieke expressie,basisvorming,vak,ONWAAR,ONWAAR,1
4GRATECH,Wiskunde,specifiek gedeelte,vak,WAAR,ONWAAR,-
4GRATECH,STEM-engineering,specifiek gedeelte,vak,WAAR,ONWAAR,1
4GRATECH,Kunstbeschouwing,specifiek gedeelte,vak,WAAR,ONWAAR,-
4GRATECH,STEM,specifiek gedeelte,vak,ONWAAR,ONWAAR,
4GRATECH,Grafische technieken,specifiek gedeelte,vak,WAAR,ONWAAR,12
5GRAFI,Godsdienst / Zedenleer,basisvorming,vak,ONWAAR,ONWAAR,2
5GRAFI,Aardrijkskunde,basisvorming,vak,ONWAAR,ONWAAR,1
5GRAFI,Engels,basisvorming,vak,ONWAAR,ONWAAR,2
5GRAFI,Frans,basisvorming,vak,ONWAAR,ONWAAR,2
5GRAFI,Geschiedenis,basisvorming,vak,ONWAAR,ONWAAR,1
5GRAFI,Lichamelijke opvoeding,basisvorming,vak,ONWAAR,ONWAAR,2
5GRAFI,Natuurwetenschappen,basisvorming,vak,ONWAAR,ONWAAR,1
5GRAFI,Nederlands,basisvorming,vak,ONWAAR,ONWAAR,3
5GRAFI,Wiskunde,basisvorming,vak,ONWAAR,ONWAAR,3
5GRAFI,Burgerschap,basisvorming,vak,ONWAAR,ONWAAR,-
5GRAFI,Artistieke expressie,basisvorming,vak,ONWAAR,ONWAAR,-
5GRAFI,Economie,basisvorming,vak,ONWAAR,ONWAAR,1
5GRAFI,Wiskunde,specifiek gedeelte,vak,WAAR,ONWAAR,1
5GRAFI,Kunstbeschouwing,specifiek gedeelte,vak,WAAR,ONWAAR,1
5GRAFI,STEM,specifiek gedeelte,vak,ONWAAR,ONWAAR,
5GRAFI,Grafische technieken,specifiek gedeelte,vak,WAAR,ONWAAR,12
6GRAFI,Godsdienst / Zedenleer,basisvorming,vak,ONWAAR,ONWAAR,2
6GRAFI,Aardrijkskunde,basisvorming,vak,ONWAAR,ONWAAR,1
6GRAFI,Engels,basisvorming,vak,ONWAAR,ONWAAR,2
6GRAFI,Frans,basisvorming,vak,ONWAAR,ONWAAR,2
6GRAFI,Geschiedenis,basisvorming,vak,ONWAAR,ONWAAR,1
6GRAFI,Lichamelijke opvoeding,basisvorming,vak,ONWAAR,ONWAAR,2
6GRAFI,Natuurwetenschappen,basisvorming,vak,ONWAAR,ONWAAR,1
6GRAFI,Nederlands,basisvorming,vak,ONWAAR,ONWAAR,3
6GRAFI,Wiskunde,basisvorming,vak,ONWAAR,ONWAAR,2
6GRAFI,Burgerschap,basisvorming,vak,ONWAAR,ONWAAR,1
6GRAFI,Artistieke expressie,basisvorming,vak,ONWAAR,ONWAAR,1
6GRAFI,Economie,basisvorming,vak,ONWAAR,ONWAAR,-
6GRAFI,Wiskunde,specifiek gedeelte,vak,ONWAAR,ONWAAR,1
6GRAFI,Kunstbeschouwing,specifiek gedeelte,vak,WAAR,ONWAAR,1
6GRAFI,STEM,specifiek gedeelte,vak,ONWAAR,ONWAAR,
6GRAFI,Grafische technieken,specifiek gedeelte,vak,WAAR,ONWAAR,12
3HSZ,Godsdienst / Zedenleer,basisvorming,vak,ONWAAR,WAAR,2
3HSZ,Project Algemene Vakken,basisvorming,vak,ONWAAR,ONWAAR,7
3HSZ,STEM (1),basisvorming,vak,WAAR,ONWAAR,
3HSZ,MTC (2),basisvorming,vak,WAAR,ONWAAR,
3HSZ,Nederlands,basisvorming,vak,ONWAAR,ONWAAR,2
3HSZ,Frans (MVT),basisvorming,vak,ONWAAR,ONWAAR,2
3HSZ,Lichamelijke opvoeding,basisvorming,vak,ONWAAR,ONWAAR,2
3HSZ,Haar- en schoonheidsverzorging (19u),specifiek gedeelte,vak,ONWAAR,ONWAAR,
3HSZ,Haarverzorging,specifiek gedeelte,vak,WAAR,ONWAAR,14
3HSZ,Schoonheidsverzorging,specifiek gedeelte,vak,WAAR,ONWAAR,5
4HSZ,Godsdienst / Zedenleer,basisvorming,vak,ONWAAR,WAAR,2
4HSZ,Project Algemene Vakken,basisvorming,vak,ONWAAR,ONWAAR,7
4HSZ,STEM (1),basisvorming,vak,WAAR,ONWAAR,
4HSZ,MTC (2),basisvorming,vak,WAAR,ONWAAR,
4HSZ,Nederlands,basisvorming,vak,ONWAAR,ONWAAR,2
4HSZ,Frans (MVT),basisvorming,vak,ONWAAR,ONWAAR,2
4HSZ,Lichamelijke opvoeding,basisvorming,vak,ONWAAR,ONWAAR,2
4HSZ,Haar- en schoonheidsverzorging (19u),specifiek gedeelte,vak,ONWAAR,ONWAAR,
4HSZ,Haarverzorging,specifiek gedeelte,vak,WAAR,ONWAAR,14
4HSZ,Schoonheidsverzorging,specifiek gedeelte,vak,WAAR,ONWAAR,5
5HZ,Godsdienst / Zedenleer,basisvorming,vak,ONWAAR,WAAR,2
5HZ,Project Algemene Vakken,basisvorming,vak,ONWAAR,ONWAAR,
5HZ,STEM (1),basisvorming,vak,WAAR,ONWAAR,4
5HZ,MTC (2),basisvorming,vak,WAAR,ONWAAR,4
5HZ,Nederlands,basisvorming,vak,ONWAAR,ONWAAR,1
5HZ,Frans,basisvorming,vak,ONWAAR,ONWAAR,2
5HZ,Lichamelijke opvoeding,basisvorming,vak,ONWAAR,ONWAAR,2
5HZ,Haarverzorging,specifiek gedeelte,vak,ONWAAR,ONWAAR,
5HZ,Haarverzorging incl. Frans/Engels,specifiek gedeelte,vak,WAAR,ONWAAR,17
5HZ,Schoonheidsverzorging,specifiek gedeelte,vak,WAAR,ONWAAR,1
6HZ,Godsdienst / Zedenleer,basisvorming,vak,ONWAAR,WAAR,2
6HZ,Project Algemene Vakken,basisvorming,vak,ONWAAR,ONWAAR,
6HZ,STEM (1),basisvorming,vak,WAAR,ONWAAR,4
6HZ,MTC (2),basisvorming,vak,WAAR,ONWAAR,4
6HZ,Nederlands,basisvorming,vak,ONWAAR,ONWAAR,1
6HZ,Frans,basisvorming,vak,ONWAAR,ONWAAR,2
6HZ,Lichamelijke opvoeding,basisvorming,vak,ONWAAR,ONWAAR,2
6HZ,Haarverzorging,specifiek gedeelte,vak,ONWAAR,ONWAAR,
6HZ,Haarverzorging incl. Frans/Engels,specifiek gedeelte,vak,WAAR,ONWAAR,17
6HZ,Schoonheidsverzorging,specifiek gedeelte,vak,WAAR,ONWAAR,1
3HOUT,Godsdienst / Zedenleer,basisvorming,vak,ONWAAR,ONWAAR,2
3HOUT,PAV,basisvorming,vak,ONWAAR,ONWAAR,7
3HOUT,STEM (1),basisvorming,vak,WAAR,ONWAAR,
3HOUT,MTC (2),basisvorming,vak,WAAR,ONWAAR,
3HOUT,Nederlands,basisvorming,vak,ONWAAR,ONWAAR,2
3HOUT,Frans (MVT),basisvorming,vak,ONWAAR,ONWAAR,2
3HOUT,Lichamelijke opvoeding,basisvorming,vak,ONWAAR,ONWAAR,2
3HOUT,Hout,specifiek gedeelte,vak,ONWAAR,ONWAAR,19
4HOUT,Godsdienst / Zedenleer,basisvorming,vak,ONWAAR,ONWAAR,2
4HOUT,PAV,basisvorming,vak,ONWAAR,ONWAAR,7
4HOUT,STEM (1),basisvorming,vak,WAAR,ONWAAR,
4HOUT,MTC (2),basisvorming,vak,WAAR,ONWAAR,
4HOUT,Nederlands,basisvorming,vak,ONWAAR,ONWAAR,2
4HOUT,Frans (MVT),basisvorming,vak,ONWAAR,ONWAAR,2
4HOUT,Lichamelijke opvoeding,basisvorming,vak,ONWAAR,ONWAAR,2
4HOUT,Hout,specifiek gedeelte,vak,ONWAAR,ONWAAR,19
5ICW,Godsdienst / Zedenleer,basisvorming,vak,ONWAAR,ONWAAR,2
5ICW,Aardrijkskunde,basisvorming,vak,ONWAAR,ONWAAR,1
5ICW,Natuurwetenschappen,basisvorming,vak,ONWAAR,ONWAAR,1
5ICW,Engels,basisvorming,vak,ONWAAR,ONWAAR,2
5ICW,Frans,basisvorming,vak,ONWAAR,ONWAAR,3
5ICW,Geschiedenis,basisvorming,vak,ONWAAR,ONWAAR,2
5ICW,Lichamelijke opvoeding,basisvorming,vak,ONWAAR,ONWAAR,2
5ICW,Nederlands (1),basisvorming,vak,ONWAAR,ONWAAR,3
5ICW,Wiskunde,basisvorming,vak,ONWAAR,ONWAAR,3
5ICW,Burgerschap,basisvorming,vak,ONWAAR,ONWAAR,-
5ICW,Economie,basisvorming,vak,ONWAAR,ONWAAR,-
5ICW,Nederlands,specifiek gedeelte,vak,ONWAAR,ONWAAR,-
5ICW,Wiskunde,specifiek gedeelte,vak,ONWAAR,ONWAAR,2
5ICW,Informatica- en communicatiewetenschappen,specifiek gedeelte,vak,ONWAAR,ONWAAR,
5ICW,Elektronica,specifiek gedeelte,vak,WAAR,ONWAAR,1
5ICW,Elektriciteit,specifiek gedeelte,vak,WAAR,ONWAAR,2
5ICW,Informaticawetenschappen,specifiek gedeelte,vak,WAAR,ONWAAR,8
6ICW,Godsdienst / Zedenleer,basisvorming,vak,ONWAAR,ONWAAR,2
6ICW,Aardrijkskunde,basisvorming,vak,ONWAAR,ONWAAR,1
6ICW,Natuurwetenschappen,basisvorming,vak,ONWAAR,ONWAAR,1
6ICW,Engels,basisvorming,vak,ONWAAR,ONWAAR,2
6ICW,Frans,basisvorming,vak,ONWAAR,ONWAAR,2
6ICW,Geschiedenis,basisvorming,vak,ONWAAR,ONWAAR,1
6ICW,Lichamelijke opvoeding,basisvorming,vak,ONWAAR,ONWAAR,2
6ICW,Nederlands (1),basisvorming,vak,ONWAAR,ONWAAR,3
6ICW,Wiskunde,basisvorming,vak,ONWAAR,ONWAAR,2
6ICW,Burgerschap,basisvorming,vak,ONWAAR,ONWAAR,1
6ICW,Economie,basisvorming,vak,ONWAAR,ONWAAR,1
6ICW,Nederlands,specifiek gedeelte,vak,ONWAAR,ONWAAR,1
6ICW,Wiskunde,specifiek gedeelte,vak,ONWAAR,ONWAAR,2
6ICW,Informatica- en communicatiewetenschappen,specifiek gedeelte,vak,ONWAAR,ONWAAR,
6ICW,Elektronica,specifiek gedeelte,vak,WAAR,ONWAAR,1
6ICW,Elektriciteit,specifiek gedeelte,vak,WAAR,ONWAAR,2
6ICW,Informaticawetenschappen,specifiek gedeelte,vak,WAAR,ONWAAR,8
5KW,Godsdienst / Zedenleer,basisvorming,vak,ONWAAR,ONWAAR,2
5KW,PAV,basisvorming,vak,ONWAAR,ONWAAR,
5KW,STEM (1),basisvorming,vak,WAAR,ONWAAR,4
5KW,MTC (2),basisvorming,vak,WAAR,ONWAAR,4
5KW,Nederlands,basisvorming,vak,ONWAAR,ONWAAR,1
5KW,Frans,basisvorming,vak,ONWAAR,ONWAAR,2
5KW,Lichamelijke opvoeding,basisvorming,vak,ONWAAR,ONWAAR,2
5KW,Koetswerk,specifiek gedeelte,vak,ONWAAR,ONWAAR,18
6KW,Godsdienst / Zedenleer,basisvorming,vak,ONWAAR,ONWAAR,2
6KW,PAV,basisvorming,vak,ONWAAR,ONWAAR,
6KW,STEM (1),basisvorming,vak,WAAR,ONWAAR,4
6KW,MTC (2),basisvorming,vak,WAAR,ONWAAR,4
6KW,Nederlands,basisvorming,vak,ONWAAR,ONWAAR,1
6KW,Frans,basisvorming,vak,ONWAAR,ONWAAR,2
6KW,Lichamelijke opvoeding,basisvorming,vak,ONWAAR,ONWAAR,2
6KW,Koetswerk,specifiek gedeelte,vak,ONWAAR,ONWAAR,18
3MECH,Godsdienst / Zedenleer,basisvorming,vak,ONWAAR,ONWAAR,2
3MECH,PAV,basisvorming,vak,ONWAAR,ONWAAR,7
3MECH,STEM (1),basisvorming,vak,WAAR,ONWAAR,
3MECH,MTC (2),basisvorming,vak,WAAR,ONWAAR,
3MECH,Nederlands,basisvorming,vak,ONWAAR,ONWAAR,2
3MECH,Frans,basisvorming,vak,ONWAAR,ONWAAR,2
3MECH,Lichamelijke opvoeding,basisvorming,vak,ONWAAR,ONWAAR,2
3MECH,STEM Mechanica,specifiek gedeelte,vak,ONWAAR,ONWAAR,
3MECH,Lassen,specifiek gedeelte,vak,WAAR,ONWAAR,6
3MECH,Machines,specifiek gedeelte,vak,WAAR,ONWAAR,6
3MECH,Plaatwerk,specifiek gedeelte,vak,WAAR,ONWAAR,6
3MECH,Montage/Demontage,specifiek gedeelte,vak,WAAR,ONWAAR,1
4MECH,Godsdienst / Zedenleer,basisvorming,vak,ONWAAR,ONWAAR,2
4MECH,PAV,basisvorming,vak,ONWAAR,ONWAAR,7
4MECH,STEM (1),basisvorming,vak,WAAR,ONWAAR,
4MECH,MTC (2),basisvorming,vak,WAAR,ONWAAR,
4MECH,Nederlands,basisvorming,vak,ONWAAR,ONWAAR,2
4MECH,Frans,basisvorming,vak,ONWAAR,ONWAAR,2
4MECH,Lichamelijke opvoeding,basisvorming,vak,ONWAAR,ONWAAR,2
4MECH,STEM Mechanica,specifiek gedeelte,vak,ONWAAR,ONWAAR,
4MECH,Lassen,specifiek gedeelte,vak,WAAR,ONWAAR,6
4MECH,Machines,specifiek gedeelte,vak,WAAR,ONWAAR,6
4MECH,Plaatwerk,specifiek gedeelte,vak,WAAR,ONWAAR,6
4MECH,Montage/Demontage,specifiek gedeelte,vak,WAAR,ONWAAR,1
3MW,Godsdienst / Zedenleer,basisvorming,vak,ONWAAR,WAAR,2
3MW,Aardrijkskunde,basisvorming,vak,ONWAAR,ONWAAR,-
3MW,Engels,basisvorming,vak,ONWAAR,ONWAAR,2
3MW,Frans,basisvorming,vak,ONWAAR,ONWAAR,2
3MW,Geschiedenis,basisvorming,vak,ONWAAR,ONWAAR,1
3MW,Nederlands,basisvorming,vak,ONWAAR,ONWAAR,3
3MW,Wiskunde,basisvorming,vak,ONWAAR,ONWAAR,3
3MW,Lichamelijke opvoeding,basisvorming,vak,ONWAAR,ONWAAR,2
3MW,Burgerschap,basisvorming,vak,ONWAAR,ONWAAR,1
3MW,Toegepaste informatica,basisvorming,vak,ONWAAR,ONWAAR,1
3MW,Natuurwetenschappen,basisvorming,vak,ONWAAR,ONWAAR,1
3MW,Artistieke expressie,basisvorming,vak,ONWAAR,ONWAAR,-
3MW,Toegepaste biologie,specifiek gedeelte,vak,ONWAAR,ONWAAR,1
3MW,Toegepaste psychologie,specifiek gedeelte,vak,ONWAAR,ONWAAR,2
3MW,Maatschappij en Welzijn (11u),specifiek gedeelte,vak,ONWAAR,ONWAAR,
3MW,Indirecte zorg,specifiek gedeelte,vak,WAAR,ONWAAR,3
3MW,Voeding,specifiek gedeelte,vak,WAAR,ONWAAR,2
3MW,Opvoedkunde,specifiek gedeelte,vak,WAAR,ONWAAR,2
3MW,Verzorging,specifiek gedeelte,vak,WAAR,ONWAAR,4
4MW,Godsdienst / Zedenleer,basisvorming,vak,ONWAAR,WAAR,2
4MW,Aardrijkskunde,basisvorming,vak,ONWAAR,ONWAAR,1
4MW,Engels,basisvorming,vak,ONWAAR,ONWAAR,2
4MW,Frans,basisvorming,vak,ONWAAR,ONWAAR,2
4MW,Geschiedenis,basisvorming,vak,ONWAAR,ONWAAR,1
4MW,Nederlands,basisvorming,vak,ONWAAR,ONWAAR,3
4MW,Wiskunde,basisvorming,vak,ONWAAR,ONWAAR,3
4MW,Lichamelijke opvoeding,basisvorming,vak,ONWAAR,ONWAAR,2
4MW,Burgerschap,basisvorming,vak,ONWAAR,ONWAAR,-
4MW,Toegepaste informatica,basisvorming,vak,ONWAAR,ONWAAR,-
4MW,Natuurwetenschappen,basisvorming,vak,ONWAAR,ONWAAR,1
4MW,Artistieke expressie,basisvorming,vak,ONWAAR,ONWAAR,1
4MW,Toegepaste biologie,specifiek gedeelte,vak,ONWAAR,ONWAAR,-
4MW,Toegepaste psychologie,specifiek gedeelte,vak,ONWAAR,ONWAAR,3
4MW,Maatschappij en Welzijn (11u),specifiek gedeelte,vak,ONWAAR,ONWAAR,
4MW,Indirecte zorg,specifiek gedeelte,vak,WAAR,ONWAAR,2
4MW,Voeding,specifiek gedeelte,vak,WAAR,ONWAAR,3
4MW,Opvoedkunde,specifiek gedeelte,vak,WAAR,ONWAAR,3
4MW,Verzorging,specifiek gedeelte,vak,WAAR,ONWAAR,3
3MWW,Godsdienst / Zedenleer,basisvorming,vak,ONWAAR,WAAR,2
3MWW,Aardrijkskunde,basisvorming,vak,ONWAAR,ONWAAR,1
3MWW,Engels,basisvorming,vak,ONWAAR,ONWAAR,3
3MWW,Frans,basisvorming,vak,ONWAAR,ONWAAR,3
3MWW,Geschiedenis,basisvorming,vak,ONWAAR,ONWAAR,1
3MWW,Nederlands,basisvorming,vak,ONWAAR,ONWAAR,4
3MWW,Wiskunde,basisvorming,vak,ONWAAR,ONWAAR,4
3MWW,Lichamelijke opvoeding,basisvorming,vak,ONWAAR,ONWAAR,2
3MWW,Burgerschap,basisvorming,vak,ONWAAR,ONWAAR,-
3MWW,Toegepaste informatica,basisvorming,vak,ONWAAR,ONWAAR,1
3MWW,Natuurwetenschappen,basisvorming,vak,ONWAAR,ONWAAR,2
3MWW,Artistieke expressie,basisvorming,vak,ONWAAR,ONWAAR,1
3MWW,Maatschappij en welzijn,specifiek gedeelte,vak,ONWAAR,ONWAAR,
3MWW,Filosofie,specifiek gedeelte,vak,WAAR,ONWAAR,1
3MWW,Gedragswetenschappen,specifiek gedeelte,vak,WAAR,ONWAAR,4
3MWW,Cultuurwetenschappen,specifiek gedeelte,vak,WAAR,ONWAAR,3
4MWW,Godsdienst / Zedenleer,basisvorming,vak,ONWAAR,WAAR,2
4MWW,Aardrijkskunde,basisvorming,vak,ONWAAR,ONWAAR,1
4MWW,Engels,basisvorming,vak,ONWAAR,ONWAAR,2
4MWW,Frans,basisvorming,vak,ONWAAR,ONWAAR,3
4MWW,Geschiedenis,basisvorming,vak,ONWAAR,ONWAAR,2
4MWW,Nederlands,basisvorming,vak,ONWAAR,ONWAAR,4
4MWW,Wiskunde,basisvorming,vak,ONWAAR,ONWAAR,4
4MWW,Lichamelijke opvoeding,basisvorming,vak,ONWAAR,ONWAAR,2
4MWW,Burgerschap,basisvorming,vak,ONWAAR,ONWAAR,1
4MWW,Toegepaste informatica,basisvorming,vak,ONWAAR,ONWAAR,-
4MWW,Natuurwetenschappen,basisvorming,vak,ONWAAR,ONWAAR,2
4MWW,Artistieke expressie,basisvorming,vak,ONWAAR,ONWAAR,-
4MWW,Maatschappij en welzijn,specifiek gedeelte,vak,ONWAAR,ONWAAR,
4MWW,Filosofie,specifiek gedeelte,vak,WAAR,ONWAAR,2
4MWW,Gedragswetenschappen,specifiek gedeelte,vak,WAAR,ONWAAR,4
4MWW,Cultuurwetenschappen,specifiek gedeelte,vak,WAAR,ONWAAR,3
5OOS,Godsdienst / Zedenleer,basisvorming,vak,ONWAAR,WAAR,2
5OOS,Project Algemene Vakken,basisvorming,vak,ONWAAR,ONWAAR,
5OOS,STEM (1),basisvorming,vak,WAAR,ONWAAR,4
5OOS,MTC (2),basisvorming,vak,WAAR,ONWAAR,4
5OOS,Lichamelijke opvoeding,basisvorming,vak,ONWAAR,ONWAAR,2
5OOS,Frans,basisvorming,vak,ONWAAR,ONWAAR,2
5OOS,Nederlands,basisvorming,vak,ONWAAR,ONWAAR,1
5OOS,"Onthaal, organisatie en sales",specifiek gedeelte,vak,ONWAAR,ONWAAR,
5OOS,Toegepaste economie/Toegepaste informatica,specifiek gedeelte,vak,WAAR,ONWAAR,10
5OOS,Frans,specifiek gedeelte,vak,WAAR,ONWAAR,2
5OOS,Engels,specifiek gedeelte,vak,WAAR,ONWAAR,2
5OOS,Duits,specifiek gedeelte,vak,WAAR,ONWAAR,2
5OOS,Nederlands,specifiek gedeelte,vak,WAAR,ONWAAR,2
6OOS,Godsdienst / Zedenleer,basisvorming,vak,ONWAAR,WAAR,2
6OOS,Project Algemene Vakken,basisvorming,vak,ONWAAR,ONWAAR,
6OOS,STEM (1),basisvorming,vak,WAAR,ONWAAR,4
6OOS,MTC (2),basisvorming,vak,WAAR,ONWAAR,4
6OOS,Lichamelijke opvoeding,basisvorming,vak,ONWAAR,ONWAAR,2
6OOS,Frans,basisvorming,vak,ONWAAR,ONWAAR,2
6OOS,Nederlands,basisvorming,vak,ONWAAR,ONWAAR,1
6OOS,"Onthaal, organisatie en sales",specifiek gedeelte,vak,ONWAAR,ONWAAR,
6OOS,Toegepaste economie/Toegepaste informatica,specifiek gedeelte,vak,WAAR,ONWAAR,10
6OOS,Frans,specifiek gedeelte,vak,WAAR,ONWAAR,2
6OOS,Engels,specifiek gedeelte,vak,WAAR,ONWAAR,2
6OOS,Duits,specifiek gedeelte,vak,WAAR,ONWAAR,2
6OOS,Nederlands,specifiek gedeelte,vak,WAAR,ONWAAR,2
5OB,Godsdienst / Zedenleer,basisvorming,vak,ONWAAR,WAAR,2
5OB,Aardrijkskunde,basisvorming,vak,ONWAAR,ONWAAR,1
5OB,Engels,basisvorming,vak,ONWAAR,ONWAAR,2
5OB,Frans,basisvorming,vak,ONWAAR,ONWAAR,2
5OB,Geschiedenis,basisvorming,vak,ONWAAR,ONWAAR,1
5OB,Lichamelijke opvoeding,basisvorming,vak,ONWAAR,ONWAAR,2
5OB,Nederlands,basisvorming,vak,ONWAAR,ONWAAR,3
5OB,Wiskunde,basisvorming,vak,ONWAAR,ONWAAR,3
5OB,Natuurwetenschappen,basisvorming,vak,ONWAAR,ONWAAR,1
5OB,Burgerschap,basisvorming,vak,ONWAAR,ONWAAR,-
5OB,Economie,basisvorming,vak,ONWAAR,ONWAAR,1
5OB,Artistieke expressie,basisvorming,vak,ONWAAR,ONWAAR,-
5OB,Toegepaste psychologie,specifiek gedeelte,vak,ONWAAR,ONWAAR,2
5OB,Pedagogiek,specifiek gedeelte,vak,ONWAAR,ONWAAR,2
5OB,Opvoeding en begeleiding,specifiek gedeelte,vak,ONWAAR,ONWAAR,
5OB,Indirecte zorg,specifiek gedeelte,vak,WAAR,ONWAAR,1
5OB,Voeding,specifiek gedeelte,vak,WAAR,ONWAAR,1
5OB,Opvoedkunde,specifiek gedeelte,vak,WAAR,ONWAAR,7
5OB,Verzorging,specifiek gedeelte,vak,WAAR,ONWAAR,1
6OB,Godsdienst / Zedenleer,basisvorming,vak,ONWAAR,WAAR,2
6OB,Aardrijkskunde,basisvorming,vak,ONWAAR,ONWAAR,1
6OB,Engels,basisvorming,vak,ONWAAR,ONWAAR,2
6OB,Frans,basisvorming,vak,ONWAAR,ONWAAR,2
6OB,Geschiedenis,basisvorming,vak,ONWAAR,ONWAAR,1
6OB,Lichamelijke opvoeding,basisvorming,vak,ONWAAR,ONWAAR,2
6OB,Nederlands,basisvorming,vak,ONWAAR,ONWAAR,3
6OB,Wiskunde,basisvorming,vak,ONWAAR,ONWAAR,2
6OB,Natuurwetenschappen,basisvorming,vak,ONWAAR,ONWAAR,1
6OB,Burgerschap,basisvorming,vak,ONWAAR,ONWAAR,1
6OB,Economie,basisvorming,vak,ONWAAR,ONWAAR,-
6OB,Artistieke expressie,basisvorming,vak,ONWAAR,ONWAAR,1
6OB,Toegepaste psychologie,specifiek gedeelte,vak,ONWAAR,ONWAAR,2
6OB,Pedagogiek,specifiek gedeelte,vak,ONWAAR,ONWAAR,2
6OB,Opvoeding en begeleiding,specifiek gedeelte,vak,ONWAAR,ONWAAR,
6OB,Indirecte zorg,specifiek gedeelte,vak,WAAR,ONWAAR,1
6OB,Voeding,specifiek gedeelte,vak,WAAR,ONWAAR,1
6OB,Opvoedkunde,specifiek gedeelte,vak,WAAR,ONWAAR,7
6OB,Verzorging,specifiek gedeelte,vak,WAAR,ONWAAR,1
3OL,Godsdienst / Zedenleer,basisvorming,vak,ONWAAR,ONWAAR,2
3OL,PAV,basisvorming,vak,ONWAAR,ONWAAR,7
3OL,STEM (1),basisvorming,vak,WAAR,ONWAAR,
3OL,MTC (2),basisvorming,vak,WAAR,ONWAAR,
3OL,Nederlands,basisvorming,vak,ONWAAR,ONWAAR,2
3OL,Frans,basisvorming,vak,ONWAAR,ONWAAR,2
3OL,Lichamelijke opvoeding,basisvorming,vak,ONWAAR,ONWAAR,2
3OL,Toegepaste Economie,specifiek gedeelte,vak,ONWAAR,ONWAAR,
3OL,TEC_Economie_logistiek,specifiek gedeelte,vak,WAAR,ONWAAR,5
3OL,TEC_Economie_organisatie/Toeg. Inform.,specifiek gedeelte,vak,WAAR,ONWAAR,9
3OL,Frans,specifiek gedeelte,vak,WAAR,ONWAAR,1
3OL,Engels,specifiek gedeelte,vak,WAAR,ONWAAR,2
3OL,Nederlands,specifiek gedeelte,vak,WAAR,ONWAAR,2
4OL,Godsdienst / Zedenleer,basisvorming,vak,ONWAAR,WAAR,2
4OL,PAV,basisvorming,vak,ONWAAR,ONWAAR,7
4OL,STEM (1),basisvorming,vak,WAAR,ONWAAR,
4OL,MTC (2),basisvorming,vak,WAAR,ONWAAR,
4OL,Nederlands,basisvorming,vak,ONWAAR,ONWAAR,2
4OL,Frans,basisvorming,vak,ONWAAR,ONWAAR,2
4OL,Lichamelijke opvoeding,basisvorming,vak,ONWAAR,ONWAAR,2
4OL,Toegepaste Economie,specifiek gedeelte,vak,ONWAAR,ONWAAR,
4OL,TEC_Economie_logistiek,specifiek gedeelte,vak,WAAR,ONWAAR,6
4OL,TEC_Economie_organisatie/Toeg. Inform.,specifiek gedeelte,vak,WAAR,ONWAAR,8
4OL,Frans,specifiek gedeelte,vak,WAAR,ONWAAR,1
4OL,Engels,specifiek gedeelte,vak,WAAR,ONWAAR,2
4OL,Nederlands,specifiek gedeelte,vak,WAAR,ONWAAR,2
5PRO,Godsdienst / Zedenleer,basisvorming,vak,ONWAAR,ONWAAR,2
5PRO,PAV,basisvorming,vak,ONWAAR,ONWAAR,
5PRO,STEM (1),basisvorming,vak,WAAR,ONWAAR,4
5PRO,MTC (2),basisvorming,vak,WAAR,ONWAAR,4
5PRO,Nederlands,basisvorming,vak,ONWAAR,ONWAAR,1
5PRO,Frans,basisvorming,vak,ONWAAR,ONWAAR,2
5PRO,Lichamelijke opvoeding,basisvorming,vak,ONWAAR,ONWAAR,2
5PRO,Preventief onderhoud machines en installaties,specifiek gedeelte,vak,ONWAAR,ONWAAR,18
6PRO,Godsdienst / Zedenleer,basisvorming,vak,ONWAAR,ONWAAR,2
6PRO,PAV,basisvorming,vak,ONWAAR,ONWAAR,
6PRO,STEM (1),basisvorming,vak,WAAR,ONWAAR,4
6PRO,MTC (2),basisvorming,vak,WAAR,ONWAAR,4
6PRO,Nederlands,basisvorming,vak,ONWAAR,ONWAAR,1
6PRO,Frans,basisvorming,vak,ONWAAR,ONWAAR,2
6PRO,Lichamelijke opvoeding,basisvorming,vak,ONWAAR,ONWAAR,2
6PRO,Preventief onderhoud machines en installaties,specifiek gedeelte,vak,ONWAAR,ONWAAR,18
7SCHAKEL,Nederlands,basisvorming,vak,ONWAAR,WAAR,6
7SCHAKEL,Engels (1 wisseluur),basisvorming,vak,ONWAAR,WAAR,3.5
7SCHAKEL,Frans (1 wisseluur),basisvorming,vak,ONWAAR,WAAR,3.5
7SCHAKEL,Wiskunde,basisvorming,vak,ONWAAR,WAAR,7
7SCHAKEL,Natuurwetenschappen,basisvorming,vak,ONWAAR,WAAR,6
7SCHAKEL,Socio en economische wetenschappen,specifiek gedeelte,vak,ONWAAR,ONWAAR,6
3SPORT,Godsdienst / Zedenleer,basisvorming,vak,ONWAAR,ONWAAR,2
3SPORT,Aardrijkskunde,basisvorming,vak,ONWAAR,ONWAAR,-
3SPORT,Engels,basisvorming,vak,ONWAAR,ONWAAR,2
3SPORT,Frans,basisvorming,vak,ONWAAR,ONWAAR,2
3SPORT,Geschiedenis,basisvorming,vak,ONWAAR,ONWAAR,1
3SPORT,Nederlands,basisvorming,vak,ONWAAR,ONWAAR,3
3SPORT,Wiskunde,basisvorming,vak,ONWAAR,ONWAAR,3
3SPORT,Burgerschap,basisvorming,vak,ONWAAR,ONWAAR,1
3SPORT,Toegepaste Informatica,basisvorming,vak,ONWAAR,ONWAAR,1
3SPORT,Natuurwetenschappen,basisvorming,vak,ONWAAR,ONWAAR,1
3SPORT,Artistieke expressie,basisvorming,vak,ONWAAR,ONWAAR,-
3SPORT,Bewegingswetenschappen Toepassingen,specifiek gedeelte,vak,ONWAAR,ONWAAR,2
3SPORT,Bewegingswetenschappen theorie,specifiek gedeelte,vak,ONWAAR,ONWAAR,2
3SPORT,Individuele sporten,specifiek gedeelte,vak,ONWAAR,ONWAAR,3
3SPORT,Interactieve sporten,specifiek gedeelte,vak,ONWAAR,ONWAAR,2
3SPORT,Recreatiesport en microteaching,specifiek gedeelte,vak,ONWAAR,ONWAAR,-
3SPORT,Optie,specifiek gedeelte,vak,ONWAAR,ONWAAR,4
3SPORT,Toegepaste Biologie,specifiek gedeelte,vak,ONWAAR,ONWAAR,1
3SPORT,Toegepaste Psychologie,specifiek gedeelte,vak,ONWAAR,ONWAAR,2
4SPORT,Godsdienst / Zedenleer,basisvorming,vak,ONWAAR,ONWAAR,2
4SPORT,Aardrijkskunde,basisvorming,vak,ONWAAR,ONWAAR,1
4SPORT,Engels,basisvorming,vak,ONWAAR,ONWAAR,2
4SPORT,Frans,basisvorming,vak,ONWAAR,ONWAAR,2
4SPORT,Geschiedenis,basisvorming,vak,ONWAAR,ONWAAR,1
4SPORT,Nederlands,basisvorming,vak,ONWAAR,ONWAAR,3
4SPORT,Wiskunde,basisvorming,vak,ONWAAR,ONWAAR,3
4SPORT,Burgerschap,basisvorming,vak,ONWAAR,ONWAAR,-
4SPORT,Toegepaste Informatica,basisvorming,vak,ONWAAR,ONWAAR,-
4SPORT,Natuurwetenschappen,basisvorming,vak,ONWAAR,ONWAAR,1
4SPORT,Artistieke expressie,basisvorming,vak,ONWAAR,ONWAAR,1
4SPORT,Bewegingswetenschappen Toepassingen,specifiek gedeelte,vak,ONWAAR,ONWAAR,2
4SPORT,Bewegingswetenschappen theorie,specifiek gedeelte,vak,ONWAAR,ONWAAR,2
4SPORT,Individuele sporten,specifiek gedeelte,vak,ONWAAR,ONWAAR,3
4SPORT,Interactieve sporten,specifiek gedeelte,vak,ONWAAR,ONWAAR,2
4SPORT,Recreatiesport en microteaching,specifiek gedeelte,vak,ONWAAR,ONWAAR,1
4SPORT,Optie,specifiek gedeelte,vak,ONWAAR,ONWAAR,4
4SPORT,Toegepaste Biologie,specifiek gedeelte,vak,ONWAAR,ONWAAR,-
4SPORT,Toegepaste Psychologie,specifiek gedeelte,vak,ONWAAR,ONWAAR,2
5SPORT,Godsdienst / Zedenleer,basisvorming,vak,ONWAAR,WAAR,2
5SPORT,Aardrijkskunde,basisvorming,vak,ONWAAR,ONWAAR,1
5SPORT,Engels,basisvorming,vak,ONWAAR,ONWAAR,2
5SPORT,Frans,basisvorming,vak,ONWAAR,ONWAAR,2
5SPORT,Geschiedenis,basisvorming,vak,ONWAAR,ONWAAR,1
5SPORT,Nederlands,basisvorming,vak,ONWAAR,ONWAAR,3
5SPORT,Wiskunde,basisvorming,vak,ONWAAR,ONWAAR,2
5SPORT,Natuurwetenschappen,basisvorming,vak,ONWAAR,ONWAAR,1
5SPORT,Burgerschap,basisvorming,vak,ONWAAR,ONWAAR,-
5SPORT,Artistieke expressie,basisvorming,vak,ONWAAR,ONWAAR,-
5SPORT,Economie,basisvorming,vak,ONWAAR,ONWAAR,1
5SPORT,Sportgebeleiding,specifiek gedeelte,vak,ONWAAR,ONWAAR,
5SPORT,Bewegingswetenschappen Toepassingen,specifiek gedeelte,vak,WAAR,ONWAAR,3
5SPORT,Bewegingswetenschappen theorie,specifiek gedeelte,vak,WAAR,ONWAAR,1
5SPORT,Individuele sporten,specifiek gedeelte,vak,WAAR,ONWAAR,3
5SPORT,Interactieve sporten,specifiek gedeelte,vak,WAAR,ONWAAR,2
5SPORT,Optie - inclusief stage,specifiek gedeelte,vak,WAAR,ONWAAR,6
5SPORT,Toegepaste Biologie,specifiek gedeelte,vak,ONWAAR,ONWAAR,1
5SPORT,Toegepaste Psychologie,specifiek gedeelte,vak,ONWAAR,ONWAAR,1
6SPORT,Godsdienst / Zedenleer,basisvorming,vak,ONWAAR,WAAR,2
6SPORT,Aardrijkskunde,basisvorming,vak,ONWAAR,ONWAAR,1
6SPORT,Engels,basisvorming,vak,ONWAAR,ONWAAR,2
6SPORT,Frans,basisvorming,vak,ONWAAR,ONWAAR,2
6SPORT,Geschiedenis,basisvorming,vak,ONWAAR,ONWAAR,1
6SPORT,Nederlands,basisvorming,vak,ONWAAR,ONWAAR,3
6SPORT,Wiskunde,basisvorming,vak,ONWAAR,ONWAAR,2
6SPORT,Natuurwetenschappen,basisvorming,vak,ONWAAR,ONWAAR,1
6SPORT,Burgerschap,basisvorming,vak,ONWAAR,ONWAAR,1
6SPORT,Artistieke expressie,basisvorming,vak,ONWAAR,ONWAAR,1
6SPORT,Economie,basisvorming,vak,ONWAAR,ONWAAR,-
6SPORT,Sportgebeleiding,specifiek gedeelte,vak,ONWAAR,ONWAAR,
6SPORT,Bewegingswetenschappen Toepassingen,specifiek gedeelte,vak,WAAR,ONWAAR,2
6SPORT,Bewegingswetenschappen theorie,specifiek gedeelte,vak,WAAR,ONWAAR,2
6SPORT,Individuele sporten,specifiek gedeelte,vak,WAAR,ONWAAR,3
6SPORT,Interactieve sporten,specifiek gedeelte,vak,WAAR,ONWAAR,2
6SPORT,Optie - inclusief stage,specifiek gedeelte,vak,WAAR,ONWAAR,6
6SPORT,Toegepaste Biologie,specifiek gedeelte,vak,ONWAAR,ONWAAR,1
6SPORT,Toegepaste Psychologie,specifiek gedeelte,vak,ONWAAR,ONWAAR,1
3SPW,Godsdienst / Zedenleer,basisvorming,vak,ONWAAR,ONWAAR,2
3SPW,Aardrijkskunde,basisvorming,vak,ONWAAR,ONWAAR,1
3SPW,Engels,basisvorming,vak,ONWAAR,ONWAAR,3
3SPW,Frans,basisvorming,vak,ONWAAR,ONWAAR,3
3SPW,Geschiedenis,basisvorming,vak,ONWAAR,ONWAAR,1
3SPW,Nederlands (1),basisvorming,vak,ONWAAR,ONWAAR,4
3SPW,Toegepaste informatica,basisvorming,vak,ONWAAR,ONWAAR,1
3SPW,Burgerschap,basisvorming,vak,ONWAAR,ONWAAR,-
3SPW,Wiskunde,specifiek gedeelte,vak,ONWAAR,ONWAAR,4
3SPW,Chemie,specifiek gedeelte,vak,ONWAAR,ONWAAR,2
3SPW,Biologie,specifiek gedeelte,vak,ONWAAR,ONWAAR,2
3SPW,Fysica,specifiek gedeelte,vak,ONWAAR,ONWAAR,2
3SPW,Bewegingswetenschappen,specifiek gedeelte,vak,ONWAAR,ONWAAR,
3SPW,Optie,specifiek gedeelte,vak,WAAR,ONWAAR,4
3SPW,Algemene LO (1),specifiek gedeelte,vak,WAAR,ONWAAR,2
3SPW,Theorie,specifiek gedeelte,vak,WAAR,ONWAAR,1
4SPW,Godsdienst / Zedenleer,basisvorming,vak,ONWAAR,ONWAAR,2
4SPW,Aardrijkskunde,basisvorming,vak,ONWAAR,ONWAAR,1
4SPW,Engels,basisvorming,vak,ONWAAR,ONWAAR,2
4SPW,Frans,basisvorming,vak,ONWAAR,ONWAAR,3
4SPW,Geschiedenis,basisvorming,vak,ONWAAR,ONWAAR,2
4SPW,Nederlands (1),basisvorming,vak,ONWAAR,ONWAAR,4
4SPW,Toegepaste informatica,basisvorming,vak,ONWAAR,ONWAAR,-
4SPW,Burgerschap,basisvorming,vak,ONWAAR,ONWAAR,1
4SPW,Wiskunde,specifiek gedeelte,vak,ONWAAR,ONWAAR,4
4SPW,Chemie,specifiek gedeelte,vak,ONWAAR,ONWAAR,2
4SPW,Biologie,specifiek gedeelte,vak,ONWAAR,ONWAAR,2
4SPW,Fysica,specifiek gedeelte,vak,ONWAAR,ONWAAR,2
4SPW,Bewegingswetenschappen,specifiek gedeelte,vak,ONWAAR,ONWAAR,
4SPW,Optie,specifiek gedeelte,vak,WAAR,ONWAAR,4
4SPW,Algemene LO (1),specifiek gedeelte,vak,WAAR,ONWAAR,2
4SPW,Theorie,specifiek gedeelte,vak,WAAR,ONWAAR,1
5SPW,Godsdienst / Zedenleer,basisvorming,vak,ONWAAR,ONWAAR,2
5SPW,Aardrijkskunde,basisvorming,vak,ONWAAR,ONWAAR,1
5SPW,Engels,basisvorming,vak,ONWAAR,ONWAAR,2
5SPW,Frans,basisvorming,vak,ONWAAR,ONWAAR,3
5SPW,Geschiedenis,basisvorming,vak,ONWAAR,ONWAAR,2
5SPW,Nederlands (1),basisvorming,vak,ONWAAR,ONWAAR,3
5SPW,Burgerschap,basisvorming,vak,ONWAAR,ONWAAR,-
5SPW,Economie,basisvorming,vak,ONWAAR,ONWAAR,-
5SPW,Wiskunde,specifiek gedeelte,vak,ONWAAR,ONWAAR,5
5SPW,Chemie,specifiek gedeelte,vak,ONWAAR,ONWAAR,2
5SPW,Biologie,specifiek gedeelte,vak,ONWAAR,ONWAAR,2
5SPW,Fysica,specifiek gedeelte,vak,ONWAAR,ONWAAR,2
5SPW,Bewegingswetenschappen,specifiek gedeelte,vak,ONWAAR,ONWAAR,
5SPW,Optie,specifiek gedeelte,vak,WAAR,ONWAAR,4
5SPW,Algemene LO (1),specifiek gedeelte,vak,WAAR,ONWAAR,2
5SPW,Theorie,specifiek gedeelte,vak,WAAR,ONWAAR,2
6SPW,Godsdienst / Zedenleer,basisvorming,vak,ONWAAR,ONWAAR,2
6SPW,Aardrijkskunde,basisvorming,vak,ONWAAR,ONWAAR,1
6SPW,Engels,basisvorming,vak,ONWAAR,ONWAAR,2
6SPW,Frans,basisvorming,vak,ONWAAR,ONWAAR,2
6SPW,Geschiedenis,basisvorming,vak,ONWAAR,ONWAAR,1
6SPW,Nederlands (1),basisvorming,vak,ONWAAR,ONWAAR,4
6SPW,Burgerschap,basisvorming,vak,ONWAAR,ONWAAR,1
6SPW,Economie,basisvorming,vak,ONWAAR,ONWAAR,1
6SPW,Wiskunde,specifiek gedeelte,vak,ONWAAR,ONWAAR,4
6SPW,Chemie,specifiek gedeelte,vak,ONWAAR,ONWAAR,2
6SPW,Biologie,specifiek gedeelte,vak,ONWAAR,ONWAAR,2
6SPW,Fysica,specifiek gedeelte,vak,ONWAAR,ONWAAR,2
6SPW,Bewegingswetenschappen,specifiek gedeelte,vak,ONWAAR,ONWAAR,
6SPW,Optie,specifiek gedeelte,vak,WAAR,WAAR,4
6SPW,Algemene LO (1),specifiek gedeelte,vak,WAAR,ONWAAR,2
6SPW,Theorie,specifiek gedeelte,vak,WAAR,ONWAAR,2
5TOE,Godsdienst / Zedenleer,basisvorming,vak,ONWAAR,WAAR,2
5TOE,Aardrijkskunde,basisvorming,vak,ONWAAR,ONWAAR,1
5TOE,Engels,basisvorming,vak,ONWAAR,ONWAAR,2
5TOE,Frans,basisvorming,vak,ONWAAR,ONWAAR,2
5TOE,Geschiedenis,basisvorming,vak,ONWAAR,ONWAAR,1
5TOE,Lichamelijke opvoeding,basisvorming,vak,ONWAAR,ONWAAR,2
5TOE,Natuurwetenschappen,basisvorming,vak,ONWAAR,ONWAAR,1
5TOE,Nederlands,basisvorming,vak,ONWAAR,ONWAAR,3
5TOE,Wiskunde,basisvorming,vak,ONWAAR,ONWAAR,2
5TOE,Burgerschap,basisvorming,vak,ONWAAR,ONWAAR,-
5TOE,Artistieke expressie,basisvorming,vak,ONWAAR,ONWAAR,-
5TOE,Economie,basisvorming,vak,ONWAAR,ONWAAR,1
5TOE,Toerisme ,specifiek gedeelte,vak,ONWAAR,ONWAAR,
5TOE,Engels,specifiek gedeelte,vak,WAAR,ONWAAR,2
5TOE,Frans,specifiek gedeelte,vak,WAAR,ONWAAR,2
5TOE,Toeristische geografie,specifiek gedeelte,vak,WAAR,ONWAAR,3
5TOE,Toerisme,specifiek gedeelte,vak,WAAR,ONWAAR,8
6TOE,Godsdienst / Zedenleer,basisvorming,vak,ONWAAR,WAAR,2
6TOE,Aardrijkskunde,basisvorming,vak,ONWAAR,ONWAAR,1
6TOE,Engels,basisvorming,vak,ONWAAR,ONWAAR,2
6TOE,Frans,basisvorming,vak,ONWAAR,ONWAAR,2
6TOE,Geschiedenis,basisvorming,vak,ONWAAR,ONWAAR,1
6TOE,Lichamelijke opvoeding,basisvorming,vak,ONWAAR,ONWAAR,2
6TOE,Natuurwetenschappen,basisvorming,vak,ONWAAR,ONWAAR,1
6TOE,Nederlands,basisvorming,vak,ONWAAR,ONWAAR,3
6TOE,Wiskunde,basisvorming,vak,ONWAAR,ONWAAR,2
6TOE,Burgerschap,basisvorming,vak,ONWAAR,ONWAAR,1
6TOE,Artistieke expressie,basisvorming,vak,ONWAAR,ONWAAR,1
6TOE,Economie,basisvorming,vak,ONWAAR,ONWAAR,-
6TOE,Toerisme ,specifiek gedeelte,vak,ONWAAR,ONWAAR,
6TOE,Engels,specifiek gedeelte,vak,WAAR,WAAR,2
6TOE,Frans,specifiek gedeelte,vak,WAAR,WAAR,2
6TOE,Toeristische geografie,specifiek gedeelte,vak,WAAR,ONWAAR,3
6TOE,Toerisme,specifiek gedeelte,vak,WAAR,ONWAAR,8
3TOPEC,Godsdienst / Zedenleer,basisvorming,vak,ONWAAR,WAAR,2
3TOPEC,Aardrijkskunde,basisvorming,vak,ONWAAR,ONWAAR,1
3TOPEC,Natuurwetenschappen,basisvorming,vak,ONWAAR,ONWAAR,2
3TOPEC,Engels (1),basisvorming,vak,ONWAAR,ONWAAR,2
3TOPEC,Frans (1),basisvorming,vak,ONWAAR,ONWAAR,2
3TOPEC,Geschiedenis (incl. burgerschap),basisvorming,vak,ONWAAR,ONWAAR,1
3TOPEC,Nederlands (1),basisvorming,vak,ONWAAR,ONWAAR,3
3TOPEC,Project (2),basisvorming,vak,ONWAAR,ONWAAR,
3TOPEC,Topsport,specifiek gedeelte,vak,ONWAAR,ONWAAR,12
3TOPEC,Economie en bedrijfswetenschappen,specifiek gedeelte,vak,ONWAAR,ONWAAR,4
3TOPEC,Wiskunde,specifiek gedeelte,vak,ONWAAR,ONWAAR,4
4TOPEC,Godsdienst / Zedenleer,basisvorming,vak,ONWAAR,WAAR,2
4TOPEC,Aardrijkskunde,basisvorming,vak,ONWAAR,ONWAAR,1
4TOPEC,Natuurwetenschappen,basisvorming,vak,ONWAAR,ONWAAR,2
4TOPEC,Engels (1),basisvorming,vak,ONWAAR,ONWAAR,2
4TOPEC,Frans (1),basisvorming,vak,ONWAAR,ONWAAR,2
4TOPEC,Geschiedenis (incl. burgerschap),basisvorming,vak,ONWAAR,ONWAAR,2
4TOPEC,Nederlands (1),basisvorming,vak,ONWAAR,ONWAAR,3
4TOPEC,Project (2),basisvorming,vak,ONWAAR,ONWAAR,
4TOPEC,Topsport,specifiek gedeelte,vak,ONWAAR,ONWAAR,12
4TOPEC,Economie en bedrijfswetenschappen,specifiek gedeelte,vak,ONWAAR,ONWAAR,3
4TOPEC,Wiskunde,specifiek gedeelte,vak,ONWAAR,ONWAAR,4
5TOPEC,Godsdienst / Zedenleer,basisvorming,vak,ONWAAR,WAAR,2
5TOPEC,Aardrijkskunde,basisvorming,vak,ONWAAR,ONWAAR,1
5TOPEC,Engels (1),basisvorming,vak,ONWAAR,ONWAAR,2
5TOPEC,Frans (1),basisvorming,vak,ONWAAR,ONWAAR,2
5TOPEC,Geschiedenis (incl. burgerschap) (1),basisvorming,vak,ONWAAR,ONWAAR,1
5TOPEC,Nederlands (1),basisvorming,vak,ONWAAR,ONWAAR,3
5TOPEC,Natuurwetenschappen,basisvorming,vak,ONWAAR,ONWAAR,2
5TOPEC,Project (2),basisvorming,vak,ONWAAR,ONWAAR,
5TOPEC,Topsport,specifiek gedeelte,vak,ONWAAR,ONWAAR,12
5TOPEC,Economie en Bedrijfswetenschappen,specifiek gedeelte,vak,ONWAAR,ONWAAR,4
5TOPEC,Wiskunde,specifiek gedeelte,vak,ONWAAR,ONWAAR,4
6TOPEC,Godsdienst / Zedenleer,basisvorming,vak,ONWAAR,WAAR,2
6TOPEC,Aardrijkskunde,basisvorming,vak,ONWAAR,ONWAAR,1
6TOPEC,Engels (1),basisvorming,vak,ONWAAR,ONWAAR,2
6TOPEC,Frans (1),basisvorming,vak,ONWAAR,ONWAAR,2
6TOPEC,Geschiedenis (incl. burgerschap) (1),basisvorming,vak,ONWAAR,ONWAAR,2
6TOPEC,Nederlands (1),basisvorming,vak,ONWAAR,ONWAAR,3
6TOPEC,Natuurwetenschappen,basisvorming,vak,ONWAAR,ONWAAR,1
6TOPEC,Project (2),basisvorming,vak,ONWAAR,ONWAAR,-
6TOPEC,Topsport,specifiek gedeelte,vak,ONWAAR,ONWAAR,12
6TOPEC,Economie en Bedrijfswetenschappen,specifiek gedeelte,vak,ONWAAR,ONWAAR,4
6TOPEC,Wiskunde,specifiek gedeelte,vak,ONWAAR,ONWAAR,4
3TOPNW,Godsdienst / Zedenleer,basisvorming,vak,ONWAAR,WAAR,2
3TOPNW,Aardrijkskunde,basisvorming,vak,ONWAAR,ONWAAR,1
3TOPNW,Engels (1),basisvorming,vak,ONWAAR,ONWAAR,2
3TOPNW,Frans (1),basisvorming,vak,ONWAAR,ONWAAR,2
3TOPNW,Geschiedenis (incl. burgerschap),basisvorming,vak,ONWAAR,ONWAAR,1
3TOPNW,Nederlands (1),basisvorming,vak,ONWAAR,ONWAAR,3
3TOPNW,Project (1),basisvorming,vak,ONWAAR,ONWAAR,1
3TOPNW,Topsport,specifiek gedeelte,vak,ONWAAR,ONWAAR,12
3TOPNW,Wetenschappen,specifiek gedeelte,vak,ONWAAR,ONWAAR,5
3TOPNW,Wiskunde,specifiek gedeelte,vak,ONWAAR,ONWAAR,4
4TOPNW,Godsdienst / Zedenleer,basisvorming,vak,ONWAAR,WAAR,2
4TOPNW,Aardrijkskunde,basisvorming,vak,ONWAAR,ONWAAR,1
4TOPNW,Engels (1),basisvorming,vak,ONWAAR,ONWAAR,2
4TOPNW,Frans (1),basisvorming,vak,ONWAAR,ONWAAR,2
4TOPNW,Geschiedenis (incl. burgerschap),basisvorming,vak,ONWAAR,ONWAAR,2
4TOPNW,Nederlands (1),basisvorming,vak,ONWAAR,ONWAAR,3
4TOPNW,Project (1),basisvorming,vak,ONWAAR,ONWAAR,-
4TOPNW,Topsport,specifiek gedeelte,vak,ONWAAR,ONWAAR,12
4TOPNW,Wetenschappen,specifiek gedeelte,vak,ONWAAR,ONWAAR,5
4TOPNW,Wiskunde,specifiek gedeelte,vak,ONWAAR,ONWAAR,4
5TOPWET,Godsdienst / Zedenleer,basisvorming,vak,ONWAAR,WAAR,2
5TOPWET,Aardrijkskunde,basisvorming,vak,ONWAAR,ONWAAR,1
5TOPWET,Engels (1),basisvorming,vak,ONWAAR,ONWAAR,2
5TOPWET,Frans (1),basisvorming,vak,ONWAAR,ONWAAR,2
5TOPWET,Geschiedenis (incl. burgerschap) (1),basisvorming,vak,ONWAAR,ONWAAR,1
5TOPWET,Nederlands (1),basisvorming,vak,ONWAAR,ONWAAR,3
5TOPWET,Project (1),basisvorming,vak,ONWAAR,ONWAAR,-
5TOPWET,Topsport,specifiek gedeelte,vak,ONWAAR,ONWAAR,12
5TOPWET,Wetenschappen,specifiek gedeelte,vak,ONWAAR,ONWAAR,5
5TOPWET,Wiskunde,specifiek gedeelte,vak,ONWAAR,ONWAAR,5
6TOPWET,Godsdienst / Zedenleer,basisvorming,vak,ONWAAR,WAAR,2
6TOPWET,Aardrijkskunde,basisvorming,vak,ONWAAR,ONWAAR,1
6TOPWET,Engels (1),basisvorming,vak,ONWAAR,ONWAAR,2
6TOPWET,Frans (1),basisvorming,vak,ONWAAR,ONWAAR,2
6TOPWET,Geschiedenis (incl. burgerschap) (1),basisvorming,vak,ONWAAR,ONWAAR,2
6TOPWET,Nederlands (1),basisvorming,vak,ONWAAR,ONWAAR,3
6TOPWET,Project (1),basisvorming,vak,ONWAAR,ONWAAR,-
6TOPWET,Topsport,specifiek gedeelte,vak,ONWAAR,ONWAAR,12
6TOPWET,Wetenschappen,specifiek gedeelte,vak,ONWAAR,ONWAAR,5
6TOPWET,Wiskunde,specifiek gedeelte,vak,ONWAAR,ONWAAR,4
3TS,Godsdienst / Zedenleer,basisvorming,vak,ONWAAR,WAAR,2
3TS,Aardrijkskunde,basisvorming,vak,ONWAAR,ONWAAR,1
3TS,Engels,basisvorming,vak,ONWAAR,ONWAAR,2
3TS,Frans,basisvorming,vak,ONWAAR,ONWAAR,2
3TS,Geschiedenis (incl. burgerschap),basisvorming,vak,ONWAAR,ONWAAR,2
3TS,Nederlands,basisvorming,vak,ONWAAR,ONWAAR,3
3TS,Wiskunde,basisvorming,vak,ONWAAR,ONWAAR,3
3TS,Natuurwetenschappen,basisvorming,vak,ONWAAR,ONWAAR,1
3TS,Project (1),basisvorming,vak,ONWAAR,ONWAAR,1
3TS,Topsport,specifiek gedeelte,vak,ONWAAR,ONWAAR,12
3TS,Toegepaste biologie en bewegingswetenschappen,specifiek gedeelte,vak,ONWAAR,ONWAAR,2
3TS,Toegepaste psychologie,specifiek gedeelte,vak,ONWAAR,ONWAAR,2
4TS,Godsdienst / Zedenleer,basisvorming,vak,ONWAAR,WAAR,2
4TS,Aardrijkskunde,basisvorming,vak,ONWAAR,ONWAAR,1
4TS,Engels,basisvorming,vak,ONWAAR,ONWAAR,2
4TS,Frans,basisvorming,vak,ONWAAR,ONWAAR,2
4TS,Geschiedenis (incl. burgerschap),basisvorming,vak,ONWAAR,ONWAAR,2
4TS,Nederlands,basisvorming,vak,ONWAAR,ONWAAR,3
4TS,Wiskunde,basisvorming,vak,ONWAAR,ONWAAR,3
4TS,Natuurwetenschappen,basisvorming,vak,ONWAAR,ONWAAR,1
4TS,Project (1),basisvorming,vak,ONWAAR,ONWAAR,1
4TS,Topsport,specifiek gedeelte,vak,ONWAAR,ONWAAR,12
4TS,Toegepaste biologie en bewegingswetenschappen,specifiek gedeelte,vak,ONWAAR,ONWAAR,2
4TS,Toegepaste psychologie,specifiek gedeelte,vak,ONWAAR,ONWAAR,2
5TS,Godsdienst / Zedenleer,basisvorming,vak,ONWAAR,WAAR,2
5TS,Aardrijkskunde,basisvorming,vak,ONWAAR,ONWAAR,1
5TS,Engels,basisvorming,vak,ONWAAR,ONWAAR,2
5TS,Frans,basisvorming,vak,ONWAAR,ONWAAR,2
5TS,Geschiedenis (incl. burgerschap),basisvorming,vak,ONWAAR,ONWAAR,1
5TS,Nederlands,basisvorming,vak,ONWAAR,ONWAAR,3
5TS,Wiskunde,basisvorming,vak,ONWAAR,ONWAAR,2
5TS,Natuurwetenschappen,basisvorming,vak,ONWAAR,ONWAAR,1
5TS,Project (1),basisvorming,vak,ONWAAR,ONWAAR,1
5TS,Sport,specifiek gedeelte,vak,ONWAAR,ONWAAR,12
5TS,Toegepaste biologie en bewegingswetenschappen,specifiek gedeelte,vak,ONWAAR,ONWAAR,4
5TS,Toegepaste psychologie,specifiek gedeelte,vak,ONWAAR,ONWAAR,2
6TS,Godsdienst / Zedenleer,basisvorming,vak,ONWAAR,WAAR,2
6TS,Aardrijkskunde,basisvorming,vak,ONWAAR,ONWAAR,1
6TS,Engels,basisvorming,vak,ONWAAR,ONWAAR,2
6TS,Frans,basisvorming,vak,ONWAAR,ONWAAR,2
6TS,Geschiedenis (incl. burgerschap),basisvorming,vak,ONWAAR,ONWAAR,2
6TS,Nederlands,basisvorming,vak,ONWAAR,ONWAAR,3
6TS,Wiskunde,basisvorming,vak,ONWAAR,ONWAAR,2
6TS,Natuurwetenschappen,basisvorming,vak,ONWAAR,ONWAAR,1
6TS,Project (1),basisvorming,vak,ONWAAR,ONWAAR,1
6TS,Sport,specifiek gedeelte,vak,ONWAAR,ONWAAR,12
6TS,Toegepaste biologie en bewegingswetenschappen,specifiek gedeelte,vak,ONWAAR,ONWAAR,4
6TS,Toegepaste psychologie,specifiek gedeelte,vak,ONWAAR,ONWAAR,1
3ZW,Godsdienst / Zedenleer,basisvorming,vak,ONWAAR,WAAR,2
3ZW,Project Algemene Vakken,basisvorming,vak,ONWAAR,ONWAAR,7
3ZW,STEM (1),basisvorming,vak,ONWAAR,ONWAAR,
3ZW,MTC (2),basisvorming,vak,ONWAAR,ONWAAR,
3ZW,Nederlands,basisvorming,vak,ONWAAR,ONWAAR,2
3ZW,Frans (MVT),basisvorming,vak,ONWAAR,ONWAAR,2
3ZW,Lichamelijke opvoeding,basisvorming,vak,ONWAAR,ONWAAR,2
3ZW,Zorg en welzijn (19u),specifiek gedeelte,vak,ONWAAR,ONWAAR,
3ZW,Indirecte zorg,specifiek gedeelte,vak,WAAR,ONWAAR,5
3ZW,Voeding,specifiek gedeelte,vak,WAAR,ONWAAR,5
3ZW,Opvoedkunde,specifiek gedeelte,vak,WAAR,ONWAAR,6
3ZW,Verzorging,specifiek gedeelte,vak,WAAR,ONWAAR,3
4ZW,Godsdienst / Zedenleer,basisvorming,vak,ONWAAR,WAAR,2
4ZW,Project Algemene Vakken,basisvorming,vak,ONWAAR,ONWAAR,7
4ZW,STEM (1),basisvorming,vak,ONWAAR,ONWAAR,
4ZW,MTC (2),basisvorming,vak,ONWAAR,ONWAAR,
4ZW,Nederlands,basisvorming,vak,ONWAAR,ONWAAR,2
4ZW,Frans (MVT),basisvorming,vak,ONWAAR,ONWAAR,2
4ZW,Lichamelijke opvoeding,basisvorming,vak,ONWAAR,ONWAAR,2
4ZW,Zorg en welzijn (19u),specifiek gedeelte,vak,ONWAAR,ONWAAR,
4ZW,Indirecte zorg,specifiek gedeelte,vak,WAAR,ONWAAR,5
4ZW,Voeding,specifiek gedeelte,vak,WAAR,ONWAAR,5
4ZW,Opvoedkunde,specifiek gedeelte,vak,WAAR,ONWAAR,6
4ZW,Verzorging,specifiek gedeelte,vak,WAAR,ONWAAR,3




